2026-03-25T09:50:17.510+01:00  INFO 31520 --- [Projet-API-Pizza] [restartedMain] c.a.p.ProjetApiPizzaApplication          : Starting ProjetApiPizzaApplication using Java 25.0.2 with PID 31520 (C:\Users\celine.denis\IdeaProjects\Projet-API-Pizza\target\classes started by celine.denis in C:\Users\celine.denis\IdeaProjects\Projet-API-Pizza)
2026-03-25T09:50:17.531+01:00  INFO 31520 --- [Projet-API-Pizza] [restartedMain] c.a.p.ProjetApiPizzaApplication          : No active profile set, falling back to 1 default profile: "default"
2026-03-25T09:50:17.598+01:00  INFO 31520 --- [Projet-API-Pizza] [restartedMain] .e.DevToolsPropertyDefaultsPostProcessor : Devtools property defaults active! Set 'spring.devtools.add-properties' to 'false' to disable
2026-03-25T09:50:17.599+01:00  INFO 31520 --- [Projet-API-Pizza] [restartedMain] .e.DevToolsPropertyDefaultsPostProcessor : For additional web related logging consider setting the 'logging.level.web' property to 'DEBUG'
2026-03-25T09:50:19.411+01:00  INFO 31520 --- [Projet-API-Pizza] [restartedMain] .s.d.r.c.RepositoryConfigurationDelegate : Bootstrapping Spring Data JPA repositories in DEFAULT mode.
2026-03-25T09:50:19.473+01:00  INFO 31520 --- [Projet-API-Pizza] [restartedMain] .s.d.r.c.RepositoryConfigurationDelegate : Finished Spring Data repository scanning in 47 ms. Found 2 JPA repository interfaces.
2026-03-25T09:50:20.035+01:00  INFO 31520 --- [Projet-API-Pizza] [restartedMain] o.s.boot.tomcat.TomcatWebServer          : Tomcat initialized with port 9999 (http)
2026-03-25T09:50:20.050+01:00  INFO 31520 --- [Projet-API-Pizza] [restartedMain] o.apache.catalina.core.StandardService   : Starting service [Tomcat]
2026-03-25T09:50:20.051+01:00  INFO 31520 --- [Projet-API-Pizza] [restartedMain] o.apache.catalina.core.StandardEngine    : Starting Servlet engine: [Apache Tomcat/11.0.18]
2026-03-25T09:50:20.122+01:00  INFO 31520 --- [Projet-API-Pizza] [restartedMain] b.w.c.s.WebApplicationContextInitializer : Root WebApplicationContext: initialization completed in 2522 ms
2026-03-25T09:50:20.323+01:00  INFO 31520 --- [Projet-API-Pizza] [restartedMain] com.zaxxer.hikari.HikariDataSource       : HikariPool-1 - Starting...
2026-03-25T09:50:20.651+01:00  INFO 31520 --- [Projet-API-Pizza] [restartedMain] com.zaxxer.hikari.pool.HikariPool        : HikariPool-1 - Added connection org.postgresql.jdbc.PgConnection@68969224
2026-03-25T09:50:20.654+01:00  INFO 31520 --- [Projet-API-Pizza] [restartedMain] com.zaxxer.hikari.HikariDataSource       : HikariPool-1 - Start completed.
2026-03-25T09:50:20.702+01:00  INFO 31520 --- [Projet-API-Pizza] [restartedMain] org.hibernate.orm.jpa                    : HHH008540: Processing PersistenceUnitInfo [name: default]
2026-03-25T09:50:20.788+01:00  INFO 31520 --- [Projet-API-Pizza] [restartedMain] org.hibernate.orm.core                   : HHH000001: Hibernate ORM core version 7.2.7.Final
2026-03-25T09:50:21.355+01:00  INFO 31520 --- [Projet-API-Pizza] [restartedMain] o.s.o.j.p.SpringPersistenceUnitInfo      : No LoadTimeWeaver setup: ignoring JPA class transformer
2026-03-25T09:50:21.480+01:00  INFO 31520 --- [Projet-API-Pizza] [restartedMain] org.hibernate.orm.connections.pooling    : HHH10001005: Database info:
	Database JDBC URL [jdbc:postgresql://127.0.0.1:5432/mydb]
	Database driver: PostgreSQL JDBC Driver
	Database dialect: PostgreSQLDialect
	Database version: 18.3
	Default catalog/schema: mydb/public
	Autocommit mode: undefined/unknown
	Isolation level: READ_COMMITTED [default READ_COMMITTED]
	JDBC fetch size: none
	Pool: DataSourceConnectionProvider
	Minimum pool size: undefined/unknown
	Maximum pool size: undefined/unknown
2026-03-25T09:50:22.572+01:00  INFO 31520 --- [Projet-API-Pizza] [restartedMain] org.hibernate.orm.core                   : HHH000489: No JTA platform available (set 'hibernate.transaction.jta.platform' to enable JTA platform integration)
2026-03-25T09:50:22.579+01:00  INFO 31520 --- [Projet-API-Pizza] [restartedMain] j.LocalContainerEntityManagerFactoryBean : Initialized JPA EntityManagerFactory for persistence unit 'default'
2026-03-25T09:50:22.645+01:00  INFO 31520 --- [Projet-API-Pizza] [restartedMain] o.s.d.j.r.query.QueryEnhancerFactories   : Hibernate is in classpath; If applicable, HQL parser will be used.
2026-03-25T09:50:22.881+01:00  WARN 31520 --- [Projet-API-Pizza] [restartedMain] JpaBaseConfiguration$JpaWebConfiguration : spring.jpa.open-in-view is enabled by default. Therefore, database queries may be performed during view rendering. Explicitly configure spring.jpa.open-in-view to disable this warning
2026-03-25T09:50:23.274+01:00  WARN 31520 --- [Projet-API-Pizza] [restartedMain] .s.a.UserDetailsServiceAutoConfiguration : 

Using generated security password: 8d4a9456-1ce8-45f3-bfa9-df1d6f579d41

This generated password is for development use only. Your security configuration must be updated before running your application in production.

2026-03-25T09:50:23.311+01:00  INFO 31520 --- [Projet-API-Pizza] [restartedMain] r$InitializeUserDetailsManagerConfigurer : Global AuthenticationManager configured with UserDetailsService bean with name inMemoryUserDetailsManager
2026-03-25T09:50:23.426+01:00  INFO 31520 --- [Projet-API-Pizza] [restartedMain] o.s.b.h.a.H2ConsoleAutoConfiguration     : H2 console available at '/h2-console'. Database available at 'jdbc:postgresql://127.0.0.1:5432/mydb'
2026-03-25T09:50:23.474+01:00  INFO 31520 --- [Projet-API-Pizza] [restartedMain] o.s.boot.tomcat.TomcatWebServer          : Tomcat started on port 9999 (http) with context path '/'
2026-03-25T09:50:23.487+01:00  INFO 31520 --- [Projet-API-Pizza] [restartedMain] c.a.p.ProjetApiPizzaApplication          : Started ProjetApiPizzaApplication in 6.434 seconds (process running for 8.543)
2026-03-25T09:50:23.493+01:00  WARN 31520 --- [Projet-API-Pizza] [restartedMain] o.s.core.events.SpringDocAppInitializer  : SpringDoc /v3/api-docs endpoint is enabled by default. To disable it in production, set the property 'springdoc.api-docs.enabled=false'
2026-03-25T09:50:23.494+01:00  WARN 31520 --- [Projet-API-Pizza] [restartedMain] o.s.core.events.SpringDocAppInitializer  : SpringDoc /swagger-ui.html endpoint is enabled by default. To disable it in production, set the property 'springdoc.swagger-ui.enabled=false'
2026-03-25T09:50:29.869+01:00  INFO 31520 --- [Projet-API-Pizza] [http-nio-9999-exec-1] o.a.c.c.C.[Tomcat].[localhost].[/]       : Initializing Spring DispatcherServlet 'dispatcherServlet'
2026-03-25T09:50:29.870+01:00  INFO 31520 --- [Projet-API-Pizza] [http-nio-9999-exec-1] o.s.web.servlet.DispatcherServlet        : Initializing Servlet 'dispatcherServlet'
2026-03-25T09:50:29.874+01:00  INFO 31520 --- [Projet-API-Pizza] [http-nio-9999-exec-1] o.s.web.servlet.DispatcherServlet        : Completed initialization in 4 ms
2026-03-25T09:51:01.440+01:00  INFO 31520 --- [Projet-API-Pizza] [SpringApplicationShutdownHook] o.s.boot.tomcat.GracefulShutdown         : Commencing graceful shutdown. Waiting for active requests to complete
2026-03-25T09:51:01.456+01:00  INFO 31520 --- [Projet-API-Pizza] [tomcat-shutdown] o.s.boot.tomcat.GracefulShutdown         : Graceful shutdown complete
2026-03-25T09:51:01.467+01:00  INFO 31520 --- [Projet-API-Pizza] [SpringApplicationShutdownHook] j.LocalContainerEntityManagerFactoryBean : Closing JPA EntityManagerFactory for persistence unit 'default'
2026-03-25T09:51:01.475+01:00  INFO 31520 --- [Projet-API-Pizza] [SpringApplicationShutdownHook] com.zaxxer.hikari.HikariDataSource       : HikariPool-1 - Shutdown initiated...
2026-03-25T09:51:01.492+01:00  INFO 31520 --- [Projet-API-Pizza] [SpringApplicationShutdownHook] com.zaxxer.hikari.HikariDataSource       : HikariPool-1 - Shutdown completed.
2026-03-25T09:51:11.838+01:00  INFO 29948 --- [Projet-API-Pizza] [restartedMain] c.a.p.ProjetApiPizzaApplication          : Starting ProjetApiPizzaApplication using Java 25.0.2 with PID 29948 (C:\Users\celine.denis\IdeaProjects\Projet-API-Pizza\target\classes started by celine.denis in C:\Users\celine.denis\IdeaProjects\Projet-API-Pizza)
2026-03-25T09:51:11.844+01:00  INFO 29948 --- [Projet-API-Pizza] [restartedMain] c.a.p.ProjetApiPizzaApplication          : No active profile set, falling back to 1 default profile: "default"
2026-03-25T09:51:11.917+01:00  INFO 29948 --- [Projet-API-Pizza] [restartedMain] .e.DevToolsPropertyDefaultsPostProcessor : Devtools property defaults active! Set 'spring.devtools.add-properties' to 'false' to disable
2026-03-25T09:51:11.917+01:00  INFO 29948 --- [Projet-API-Pizza] [restartedMain] .e.DevToolsPropertyDefaultsPostProcessor : For additional web related logging consider setting the 'logging.level.web' property to 'DEBUG'
2026-03-25T09:51:13.056+01:00  INFO 29948 --- [Projet-API-Pizza] [restartedMain] .s.d.r.c.RepositoryConfigurationDelegate : Bootstrapping Spring Data JPA repositories in DEFAULT mode.
2026-03-25T09:51:13.126+01:00  INFO 29948 --- [Projet-API-Pizza] [restartedMain] .s.d.r.c.RepositoryConfigurationDelegate : Finished Spring Data repository scanning in 59 ms. Found 2 JPA repository interfaces.
2026-03-25T09:51:13.775+01:00  INFO 29948 --- [Projet-API-Pizza] [restartedMain] o.s.boot.tomcat.TomcatWebServer          : Tomcat initialized with port 9999 (http)
2026-03-25T09:51:13.792+01:00  INFO 29948 --- [Projet-API-Pizza] [restartedMain] o.apache.catalina.core.StandardService   : Starting service [Tomcat]
2026-03-25T09:51:13.793+01:00  INFO 29948 --- [Projet-API-Pizza] [restartedMain] o.apache.catalina.core.StandardEngine    : Starting Servlet engine: [Apache Tomcat/11.0.18]
2026-03-25T09:51:13.867+01:00  INFO 29948 --- [Projet-API-Pizza] [restartedMain] b.w.c.s.WebApplicationContextInitializer : Root WebApplicationContext: initialization completed in 1949 ms
2026-03-25T09:51:14.236+01:00  INFO 29948 --- [Projet-API-Pizza] [restartedMain] com.zaxxer.hikari.HikariDataSource       : HikariPool-1 - Starting...
2026-03-25T09:51:14.420+01:00  INFO 29948 --- [Projet-API-Pizza] [restartedMain] com.zaxxer.hikari.pool.HikariPool        : HikariPool-1 - Added connection org.postgresql.jdbc.PgConnection@4c4929c0
2026-03-25T09:51:14.422+01:00  INFO 29948 --- [Projet-API-Pizza] [restartedMain] com.zaxxer.hikari.HikariDataSource       : HikariPool-1 - Start completed.
2026-03-25T09:51:14.461+01:00  INFO 29948 --- [Projet-API-Pizza] [restartedMain] org.hibernate.orm.jpa                    : HHH008540: Processing PersistenceUnitInfo [name: default]
2026-03-25T09:51:14.545+01:00  INFO 29948 --- [Projet-API-Pizza] [restartedMain] org.hibernate.orm.core                   : HHH000001: Hibernate ORM core version 7.2.7.Final
2026-03-25T09:51:15.207+01:00  INFO 29948 --- [Projet-API-Pizza] [restartedMain] o.s.o.j.p.SpringPersistenceUnitInfo      : No LoadTimeWeaver setup: ignoring JPA class transformer
2026-03-25T09:51:15.321+01:00  INFO 29948 --- [Projet-API-Pizza] [restartedMain] org.hibernate.orm.connections.pooling    : HHH10001005: Database info:
	Database JDBC URL [jdbc:postgresql://127.0.0.1:5432/mydb]
	Database driver: PostgreSQL JDBC Driver
	Database dialect: PostgreSQLDialect
	Database version: 18.3
	Default catalog/schema: mydb/public
	Autocommit mode: undefined/unknown
	Isolation level: READ_COMMITTED [default READ_COMMITTED]
	JDBC fetch size: none
	Pool: DataSourceConnectionProvider
	Minimum pool size: undefined/unknown
	Maximum pool size: undefined/unknown
2026-03-25T09:51:16.520+01:00  INFO 29948 --- [Projet-API-Pizza] [restartedMain] org.hibernate.orm.core                   : HHH000489: No JTA platform available (set 'hibernate.transaction.jta.platform' to enable JTA platform integration)
2026-03-25T09:51:16.530+01:00  INFO 29948 --- [Projet-API-Pizza] [restartedMain] j.LocalContainerEntityManagerFactoryBean : Initialized JPA EntityManagerFactory for persistence unit 'default'
2026-03-25T09:51:16.621+01:00  INFO 29948 --- [Projet-API-Pizza] [restartedMain] o.s.d.j.r.query.QueryEnhancerFactories   : Hibernate is in classpath; If applicable, HQL parser will be used.
2026-03-25T09:51:16.871+01:00  WARN 29948 --- [Projet-API-Pizza] [restartedMain] JpaBaseConfiguration$JpaWebConfiguration : spring.jpa.open-in-view is enabled by default. Therefore, database queries may be performed during view rendering. Explicitly configure spring.jpa.open-in-view to disable this warning
2026-03-25T09:51:17.347+01:00  WARN 29948 --- [Projet-API-Pizza] [restartedMain] .s.a.UserDetailsServiceAutoConfiguration : 

Using generated security password: 67e2dd2d-80f4-42b4-a62e-905eb66de0ed

This generated password is for development use only. Your security configuration must be updated before running your application in production.

2026-03-25T09:51:17.392+01:00  INFO 29948 --- [Projet-API-Pizza] [restartedMain] r$InitializeUserDetailsManagerConfigurer : Global AuthenticationManager configured with UserDetailsService bean with name inMemoryUserDetailsManager
2026-03-25T09:51:17.547+01:00  INFO 29948 --- [Projet-API-Pizza] [restartedMain] o.s.b.h.a.H2ConsoleAutoConfiguration     : H2 console available at '/h2-console'. Database available at 'jdbc:postgresql://127.0.0.1:5432/mydb'
2026-03-25T09:51:17.635+01:00  INFO 29948 --- [Projet-API-Pizza] [restartedMain] o.s.boot.tomcat.TomcatWebServer          : Tomcat started on port 9999 (http) with context path '/'
2026-03-25T09:51:17.644+01:00  INFO 29948 --- [Projet-API-Pizza] [restartedMain] c.a.p.ProjetApiPizzaApplication          : Started ProjetApiPizzaApplication in 6.429 seconds (process running for 7.364)
2026-03-25T09:51:17.646+01:00  WARN 29948 --- [Projet-API-Pizza] [restartedMain] o.s.core.events.SpringDocAppInitializer  : SpringDoc /v3/api-docs endpoint is enabled by default. To disable it in production, set the property 'springdoc.api-docs.enabled=false'
2026-03-25T09:51:17.647+01:00  WARN 29948 --- [Projet-API-Pizza] [restartedMain] o.s.core.events.SpringDocAppInitializer  : SpringDoc /swagger-ui.html endpoint is enabled by default. To disable it in production, set the property 'springdoc.swagger-ui.enabled=false'
2026-03-25T09:51:32.023+01:00  INFO 29948 --- [Projet-API-Pizza] [http-nio-9999-exec-8] o.a.c.c.C.[Tomcat].[localhost].[/]       : Initializing Spring DispatcherServlet 'dispatcherServlet'
2026-03-25T09:51:32.024+01:00  INFO 29948 --- [Projet-API-Pizza] [http-nio-9999-exec-8] o.s.web.servlet.DispatcherServlet        : Initializing Servlet 'dispatcherServlet'
2026-03-25T09:51:32.025+01:00  INFO 29948 --- [Projet-API-Pizza] [http-nio-9999-exec-8] o.s.web.servlet.DispatcherServlet        : Completed initialization in 1 ms
2026-03-25T09:52:12.868+01:00  INFO 29948 --- [Projet-API-Pizza] [SpringApplicationShutdownHook] o.s.boot.tomcat.GracefulShutdown         : Commencing graceful shutdown. Waiting for active requests to complete
2026-03-25T09:52:12.885+01:00  INFO 29948 --- [Projet-API-Pizza] [tomcat-shutdown] o.s.boot.tomcat.GracefulShutdown         : Graceful shutdown complete
2026-03-25T09:52:12.893+01:00  INFO 29948 --- [Projet-API-Pizza] [SpringApplicationShutdownHook] j.LocalContainerEntityManagerFactoryBean : Closing JPA EntityManagerFactory for persistence unit 'default'
2026-03-25T09:52:12.900+01:00  INFO 29948 --- [Projet-API-Pizza] [SpringApplicationShutdownHook] com.zaxxer.hikari.HikariDataSource       : HikariPool-1 - Shutdown initiated...
2026-03-25T09:52:12.913+01:00  INFO 29948 --- [Projet-API-Pizza] [SpringApplicationShutdownHook] com.zaxxer.hikari.HikariDataSource       : HikariPool-1 - Shutdown completed.
2026-03-25T09:52:42.739+01:00  INFO 31568 --- [Projet-API-Pizza] [restartedMain] c.a.p.ProjetApiPizzaApplication          : Starting ProjetApiPizzaApplication using Java 25.0.2 with PID 31568 (C:\Users\celine.denis\IdeaProjects\Projet-API-Pizza\target\classes started by celine.denis in C:\Users\celine.denis\IdeaProjects\Projet-API-Pizza)
2026-03-25T09:52:42.745+01:00  INFO 31568 --- [Projet-API-Pizza] [restartedMain] c.a.p.ProjetApiPizzaApplication          : No active profile set, falling back to 1 default profile: "default"
2026-03-25T09:52:42.830+01:00  INFO 31568 --- [Projet-API-Pizza] [restartedMain] .e.DevToolsPropertyDefaultsPostProcessor : Devtools property defaults active! Set 'spring.devtools.add-properties' to 'false' to disable
2026-03-25T09:52:42.830+01:00  INFO 31568 --- [Projet-API-Pizza] [restartedMain] .e.DevToolsPropertyDefaultsPostProcessor : For additional web related logging consider setting the 'logging.level.web' property to 'DEBUG'
2026-03-25T09:52:44.344+01:00  INFO 31568 --- [Projet-API-Pizza] [restartedMain] .s.d.r.c.RepositoryConfigurationDelegate : Bootstrapping Spring Data JPA repositories in DEFAULT mode.
2026-03-25T09:52:44.439+01:00  INFO 31568 --- [Projet-API-Pizza] [restartedMain] .s.d.r.c.RepositoryConfigurationDelegate : Finished Spring Data repository scanning in 81 ms. Found 2 JPA repository interfaces.
2026-03-25T09:52:45.179+01:00  INFO 31568 --- [Projet-API-Pizza] [restartedMain] o.s.boot.tomcat.TomcatWebServer          : Tomcat initialized with port 9999 (http)
2026-03-25T09:52:45.198+01:00  INFO 31568 --- [Projet-API-Pizza] [restartedMain] o.apache.catalina.core.StandardService   : Starting service [Tomcat]
2026-03-25T09:52:45.198+01:00  INFO 31568 --- [Projet-API-Pizza] [restartedMain] o.apache.catalina.core.StandardEngine    : Starting Servlet engine: [Apache Tomcat/11.0.18]
2026-03-25T09:52:45.279+01:00  INFO 31568 --- [Projet-API-Pizza] [restartedMain] b.w.c.s.WebApplicationContextInitializer : Root WebApplicationContext: initialization completed in 2448 ms
2026-03-25T09:52:45.484+01:00  INFO 31568 --- [Projet-API-Pizza] [restartedMain] com.zaxxer.hikari.HikariDataSource       : HikariPool-1 - Starting...
2026-03-25T09:52:45.665+01:00  INFO 31568 --- [Projet-API-Pizza] [restartedMain] com.zaxxer.hikari.pool.HikariPool        : HikariPool-1 - Added connection org.postgresql.jdbc.PgConnection@21a3d483
2026-03-25T09:52:45.669+01:00  INFO 31568 --- [Projet-API-Pizza] [restartedMain] com.zaxxer.hikari.HikariDataSource       : HikariPool-1 - Start completed.
2026-03-25T09:52:45.711+01:00  INFO 31568 --- [Projet-API-Pizza] [restartedMain] org.hibernate.orm.jpa                    : HHH008540: Processing PersistenceUnitInfo [name: default]
2026-03-25T09:52:45.780+01:00  INFO 31568 --- [Projet-API-Pizza] [restartedMain] org.hibernate.orm.core                   : HHH000001: Hibernate ORM core version 7.2.7.Final
2026-03-25T09:52:46.434+01:00  INFO 31568 --- [Projet-API-Pizza] [restartedMain] o.s.o.j.p.SpringPersistenceUnitInfo      : No LoadTimeWeaver setup: ignoring JPA class transformer
2026-03-25T09:52:46.551+01:00  INFO 31568 --- [Projet-API-Pizza] [restartedMain] org.hibernate.orm.connections.pooling    : HHH10001005: Database info:
	Database JDBC URL [jdbc:postgresql://127.0.0.1:5432/mydb]
	Database driver: PostgreSQL JDBC Driver
	Database dialect: PostgreSQLDialect
	Database version: 18.3
	Default catalog/schema: mydb/public
	Autocommit mode: undefined/unknown
	Isolation level: READ_COMMITTED [default READ_COMMITTED]
	JDBC fetch size: none
	Pool: DataSourceConnectionProvider
	Minimum pool size: undefined/unknown
	Maximum pool size: undefined/unknown
2026-03-25T09:52:47.696+01:00  INFO 31568 --- [Projet-API-Pizza] [restartedMain] org.hibernate.orm.core                   : HHH000489: No JTA platform available (set 'hibernate.transaction.jta.platform' to enable JTA platform integration)
2026-03-25T09:52:47.705+01:00  INFO 31568 --- [Projet-API-Pizza] [restartedMain] j.LocalContainerEntityManagerFactoryBean : Initialized JPA EntityManagerFactory for persistence unit 'default'
2026-03-25T09:52:47.782+01:00  INFO 31568 --- [Projet-API-Pizza] [restartedMain] o.s.d.j.r.query.QueryEnhancerFactories   : Hibernate is in classpath; If applicable, HQL parser will be used.
2026-03-25T09:52:48.018+01:00  WARN 31568 --- [Projet-API-Pizza] [restartedMain] JpaBaseConfiguration$JpaWebConfiguration : spring.jpa.open-in-view is enabled by default. Therefore, database queries may be performed during view rendering. Explicitly configure spring.jpa.open-in-view to disable this warning
2026-03-25T09:52:48.413+01:00  INFO 31568 --- [Projet-API-Pizza] [restartedMain] o.s.b.h.a.H2ConsoleAutoConfiguration     : H2 console available at '/h2-console'. Database available at 'jdbc:postgresql://127.0.0.1:5432/mydb'
2026-03-25T09:52:48.459+01:00  INFO 31568 --- [Projet-API-Pizza] [restartedMain] o.s.boot.tomcat.TomcatWebServer          : Tomcat started on port 9999 (http) with context path '/'
2026-03-25T09:52:48.467+01:00  INFO 31568 --- [Projet-API-Pizza] [restartedMain] c.a.p.ProjetApiPizzaApplication          : Started ProjetApiPizzaApplication in 6.479 seconds (process running for 7.64)
2026-03-25T09:52:48.470+01:00  WARN 31568 --- [Projet-API-Pizza] [restartedMain] o.s.core.events.SpringDocAppInitializer  : SpringDoc /v3/api-docs endpoint is enabled by default. To disable it in production, set the property 'springdoc.api-docs.enabled=false'
2026-03-25T09:52:48.470+01:00  WARN 31568 --- [Projet-API-Pizza] [restartedMain] o.s.core.events.SpringDocAppInitializer  : SpringDoc /swagger-ui.html endpoint is enabled by default. To disable it in production, set the property 'springdoc.swagger-ui.enabled=false'
2026-03-25T09:52:51.944+01:00  INFO 31568 --- [Projet-API-Pizza] [http-nio-9999-exec-1] o.a.c.c.C.[Tomcat].[localhost].[/]       : Initializing Spring DispatcherServlet 'dispatcherServlet'
2026-03-25T09:52:51.944+01:00  INFO 31568 --- [Projet-API-Pizza] [http-nio-9999-exec-1] o.s.web.servlet.DispatcherServlet        : Initializing Servlet 'dispatcherServlet'
2026-03-25T09:52:51.948+01:00  INFO 31568 --- [Projet-API-Pizza] [http-nio-9999-exec-1] o.s.web.servlet.DispatcherServlet        : Completed initialization in 3 ms
2026-03-25T09:52:54.328+01:00  INFO 31568 --- [Projet-API-Pizza] [http-nio-9999-exec-10] o.springdoc.api.AbstractOpenApiResource  : Init duration for springdoc-openapi is: 320 ms
2026-03-25T10:01:58.036+01:00  INFO 31568 --- [Projet-API-Pizza] [SpringApplicationShutdownHook] o.s.boot.tomcat.GracefulShutdown         : Commencing graceful shutdown. Waiting for active requests to complete
2026-03-25T10:01:58.052+01:00  INFO 31568 --- [Projet-API-Pizza] [tomcat-shutdown] o.s.boot.tomcat.GracefulShutdown         : Graceful shutdown complete
2026-03-25T10:01:58.057+01:00  INFO 31568 --- [Projet-API-Pizza] [SpringApplicationShutdownHook] j.LocalContainerEntityManagerFactoryBean : Closing JPA EntityManagerFactory for persistence unit 'default'
2026-03-25T10:01:58.061+01:00  INFO 31568 --- [Projet-API-Pizza] [SpringApplicationShutdownHook] com.zaxxer.hikari.HikariDataSource       : HikariPool-1 - Shutdown initiated...
2026-03-25T10:01:58.065+01:00  INFO 31568 --- [Projet-API-Pizza] [SpringApplicationShutdownHook] com.zaxxer.hikari.HikariDataSource       : HikariPool-1 - Shutdown completed.
2026-03-25T10:02:19.496+01:00  INFO 30688 --- [Projet-API-Pizza] [restartedMain] c.a.p.ProjetApiPizzaApplication          : Starting ProjetApiPizzaApplication using Java 25.0.2 with PID 30688 (C:\Users\celine.denis\IdeaProjects\Projet-API-Pizza\target\classes started by celine.denis in C:\Users\celine.denis\IdeaProjects\Projet-API-Pizza)
2026-03-25T10:02:19.499+01:00  INFO 30688 --- [Projet-API-Pizza] [restartedMain] c.a.p.ProjetApiPizzaApplication          : No active profile set, falling back to 1 default profile: "default"
2026-03-25T10:02:19.577+01:00  INFO 30688 --- [Projet-API-Pizza] [restartedMain] .e.DevToolsPropertyDefaultsPostProcessor : Devtools property defaults active! Set 'spring.devtools.add-properties' to 'false' to disable
2026-03-25T10:02:19.578+01:00  INFO 30688 --- [Projet-API-Pizza] [restartedMain] .e.DevToolsPropertyDefaultsPostProcessor : For additional web related logging consider setting the 'logging.level.web' property to 'DEBUG'
2026-03-25T10:02:21.336+01:00  INFO 30688 --- [Projet-API-Pizza] [restartedMain] .s.d.r.c.RepositoryConfigurationDelegate : Bootstrapping Spring Data JPA repositories in DEFAULT mode.
2026-03-25T10:02:21.401+01:00  INFO 30688 --- [Projet-API-Pizza] [restartedMain] .s.d.r.c.RepositoryConfigurationDelegate : Finished Spring Data repository scanning in 56 ms. Found 2 JPA repository interfaces.
2026-03-25T10:02:21.996+01:00  INFO 30688 --- [Projet-API-Pizza] [restartedMain] o.s.boot.tomcat.TomcatWebServer          : Tomcat initialized with port 9999 (http)
2026-03-25T10:02:22.011+01:00  INFO 30688 --- [Projet-API-Pizza] [restartedMain] o.apache.catalina.core.StandardService   : Starting service [Tomcat]
2026-03-25T10:02:22.013+01:00  INFO 30688 --- [Projet-API-Pizza] [restartedMain] o.apache.catalina.core.StandardEngine    : Starting Servlet engine: [Apache Tomcat/11.0.18]
2026-03-25T10:02:22.066+01:00  INFO 30688 --- [Projet-API-Pizza] [restartedMain] b.w.c.s.WebApplicationContextInitializer : Root WebApplicationContext: initialization completed in 2488 ms
2026-03-25T10:02:22.257+01:00  INFO 30688 --- [Projet-API-Pizza] [restartedMain] org.hibernate.orm.jpa                    : HHH008540: Processing PersistenceUnitInfo [name: default]
2026-03-25T10:02:22.337+01:00  INFO 30688 --- [Projet-API-Pizza] [restartedMain] org.hibernate.orm.core                   : HHH000001: Hibernate ORM core version 7.2.7.Final
2026-03-25T10:02:22.864+01:00  INFO 30688 --- [Projet-API-Pizza] [restartedMain] o.s.o.j.p.SpringPersistenceUnitInfo      : No LoadTimeWeaver setup: ignoring JPA class transformer
2026-03-25T10:02:22.904+01:00  INFO 30688 --- [Projet-API-Pizza] [restartedMain] com.zaxxer.hikari.HikariDataSource       : HikariPool-1 - Starting...
2026-03-25T10:02:23.123+01:00  INFO 30688 --- [Projet-API-Pizza] [restartedMain] com.zaxxer.hikari.pool.HikariPool        : HikariPool-1 - Added connection org.postgresql.jdbc.PgConnection@ca161ca
2026-03-25T10:02:23.125+01:00  INFO 30688 --- [Projet-API-Pizza] [restartedMain] com.zaxxer.hikari.HikariDataSource       : HikariPool-1 - Start completed.
2026-03-25T10:02:23.204+01:00  INFO 30688 --- [Projet-API-Pizza] [restartedMain] org.hibernate.orm.connections.pooling    : HHH10001005: Database info:
	Database JDBC URL [jdbc:postgresql://127.0.0.1:5432/mydb]
	Database driver: PostgreSQL JDBC Driver
	Database dialect: PostgreSQLDialect
	Database version: 18.3
	Default catalog/schema: mydb/public
	Autocommit mode: undefined/unknown
	Isolation level: READ_COMMITTED [default READ_COMMITTED]
	JDBC fetch size: none
	Pool: DataSourceConnectionProvider
	Minimum pool size: undefined/unknown
	Maximum pool size: undefined/unknown
2026-03-25T10:02:24.477+01:00  INFO 30688 --- [Projet-API-Pizza] [restartedMain] org.hibernate.orm.core                   : HHH000489: No JTA platform available (set 'hibernate.transaction.jta.platform' to enable JTA platform integration)
2026-03-25T10:02:24.620+01:00  WARN 30688 --- [Projet-API-Pizza] [restartedMain] o.h.t.s.i.ExceptionHandlerLoggedImpl     : GenerationTarget encountered exception accepting command : Error executing DDL "create table order (id uuid not null, order_status varchar(255) check ((order_status in ('PENDING','IN_PREPARATION','READY','DELIVERED'))), pizzas_id uuid, orders_id uuid, primary key (id))" via JDBC [ERROR: syntax error at or near "order"
  Position: 14]

org.hibernate.tool.schema.spi.CommandAcceptanceException: Error executing DDL "create table order (id uuid not null, order_status varchar(255) check ((order_status in ('PENDING','IN_PREPARATION','READY','DELIVERED'))), pizzas_id uuid, orders_id uuid, primary key (id))" via JDBC [ERROR: syntax error at or near "order"
  Position: 14]
	at org.hibernate.tool.schema.internal.exec.GenerationTargetToDatabase.accept(GenerationTargetToDatabase.java:81) ~[hibernate-core-7.2.7.Final.jar:7.2.7.Final]
	at org.hibernate.tool.schema.internal.AbstractSchemaMigrator.applySqlString(AbstractSchemaMigrator.java:566) ~[hibernate-core-7.2.7.Final.jar:7.2.7.Final]
	at org.hibernate.tool.schema.internal.AbstractSchemaMigrator.applySqlStrings(AbstractSchemaMigrator.java:506) ~[hibernate-core-7.2.7.Final.jar:7.2.7.Final]
	at org.hibernate.tool.schema.internal.AbstractSchemaMigrator.createTable(AbstractSchemaMigrator.java:305) ~[hibernate-core-7.2.7.Final.jar:7.2.7.Final]
	at org.hibernate.tool.schema.internal.GroupedSchemaMigratorImpl.performTablesMigration(GroupedSchemaMigratorImpl.java:80) ~[hibernate-core-7.2.7.Final.jar:7.2.7.Final]
	at org.hibernate.tool.schema.internal.AbstractSchemaMigrator.performMigration(AbstractSchemaMigrator.java:220) ~[hibernate-core-7.2.7.Final.jar:7.2.7.Final]
	at org.hibernate.tool.schema.internal.AbstractSchemaMigrator.doMigration(AbstractSchemaMigrator.java:96) ~[hibernate-core-7.2.7.Final.jar:7.2.7.Final]
	at org.hibernate.tool.schema.spi.SchemaManagementToolCoordinator.performDatabaseAction(SchemaManagementToolCoordinator.java:269) ~[hibernate-core-7.2.7.Final.jar:7.2.7.Final]
	at org.hibernate.tool.schema.spi.SchemaManagementToolCoordinator.lambda$process$1(SchemaManagementToolCoordinator.java:101) ~[hibernate-core-7.2.7.Final.jar:7.2.7.Final]
	at java.base/java.util.HashMap.forEach(HashMap.java:1430) ~[na:na]
	at org.hibernate.tool.schema.spi.SchemaManagementToolCoordinator.process(SchemaManagementToolCoordinator.java:100) ~[hibernate-core-7.2.7.Final.jar:7.2.7.Final]
	at org.hibernate.boot.internal.SessionFactoryObserverForSchemaExport.sessionFactoryCreated(SessionFactoryObserverForSchemaExport.java:35) ~[hibernate-core-7.2.7.Final.jar:7.2.7.Final]
	at org.hibernate.internal.SessionFactoryObserverChain.sessionFactoryCreated(SessionFactoryObserverChain.java:33) ~[hibernate-core-7.2.7.Final.jar:7.2.7.Final]
	at org.hibernate.internal.SessionFactoryImpl.<init>(SessionFactoryImpl.java:323) ~[hibernate-core-7.2.7.Final.jar:7.2.7.Final]
	at org.hibernate.internal.SessionFactoryRegistry.instantiateSessionFactory(SessionFactoryRegistry.java:64) ~[hibernate-core-7.2.7.Final.jar:7.2.7.Final]
	at org.hibernate.boot.internal.SessionFactoryBuilderImpl.build(SessionFactoryBuilderImpl.java:437) ~[hibernate-core-7.2.7.Final.jar:7.2.7.Final]
	at org.hibernate.jpa.boot.internal.EntityManagerFactoryBuilderImpl.build(EntityManagerFactoryBuilderImpl.java:1456) ~[hibernate-core-7.2.7.Final.jar:7.2.7.Final]
	at org.springframework.orm.jpa.vendor.SpringHibernateJpaPersistenceProvider.createContainerEntityManagerFactory(SpringHibernateJpaPersistenceProvider.java:93) ~[spring-orm-7.0.6.jar:7.0.6]
	at org.springframework.orm.jpa.LocalContainerEntityManagerFactoryBean.createNativeEntityManagerFactory(LocalContainerEntityManagerFactoryBean.java:443) ~[spring-orm-7.0.6.jar:7.0.6]
	at org.springframework.orm.jpa.AbstractEntityManagerFactoryBean.buildNativeEntityManagerFactory(AbstractEntityManagerFactoryBean.java:436) ~[spring-orm-7.0.6.jar:7.0.6]
	at org.springframework.orm.jpa.AbstractEntityManagerFactoryBean.afterPropertiesSet(AbstractEntityManagerFactoryBean.java:411) ~[spring-orm-7.0.6.jar:7.0.6]
	at org.springframework.orm.jpa.LocalContainerEntityManagerFactoryBean.afterPropertiesSet(LocalContainerEntityManagerFactoryBean.java:419) ~[spring-orm-7.0.6.jar:7.0.6]
	at org.springframework.beans.factory.support.AbstractAutowireCapableBeanFactory.invokeInitMethods(AbstractAutowireCapableBeanFactory.java:1864) ~[spring-beans-7.0.6.jar:7.0.6]
	at org.springframework.beans.factory.support.AbstractAutowireCapableBeanFactory.initializeBean(AbstractAutowireCapableBeanFactory.java:1813) ~[spring-beans-7.0.6.jar:7.0.6]
	at org.springframework.beans.factory.support.AbstractAutowireCapableBeanFactory.doCreateBean(AbstractAutowireCapableBeanFactory.java:603) ~[spring-beans-7.0.6.jar:7.0.6]
	at org.springframework.beans.factory.support.AbstractAutowireCapableBeanFactory.createBean(AbstractAutowireCapableBeanFactory.java:525) ~[spring-beans-7.0.6.jar:7.0.6]
	at org.springframework.beans.factory.support.AbstractBeanFactory.lambda$doGetBean$0(AbstractBeanFactory.java:333) ~[spring-beans-7.0.6.jar:7.0.6]
	at org.springframework.beans.factory.support.DefaultSingletonBeanRegistry.getSingleton(DefaultSingletonBeanRegistry.java:371) ~[spring-beans-7.0.6.jar:7.0.6]
	at org.springframework.beans.factory.support.AbstractBeanFactory.doGetBean(AbstractBeanFactory.java:331) ~[spring-beans-7.0.6.jar:7.0.6]
	at org.springframework.beans.factory.support.AbstractBeanFactory.getBean(AbstractBeanFactory.java:201) ~[spring-beans-7.0.6.jar:7.0.6]
	at org.springframework.context.support.AbstractApplicationContext.finishBeanFactoryInitialization(AbstractApplicationContext.java:977) ~[spring-context-7.0.6.jar:7.0.6]
	at org.springframework.context.support.AbstractApplicationContext.refresh(AbstractApplicationContext.java:621) ~[spring-context-7.0.6.jar:7.0.6]
	at org.springframework.boot.web.server.servlet.context.ServletWebServerApplicationContext.refresh(ServletWebServerApplicationContext.java:143) ~[spring-boot-web-server-4.0.4.jar:4.0.4]
	at org.springframework.boot.SpringApplication.refresh(SpringApplication.java:756) ~[spring-boot-4.0.4.jar:4.0.4]
	at org.springframework.boot.SpringApplication.refreshContext(SpringApplication.java:445) ~[spring-boot-4.0.4.jar:4.0.4]
	at org.springframework.boot.SpringApplication.run(SpringApplication.java:321) ~[spring-boot-4.0.4.jar:4.0.4]
	at org.springframework.boot.SpringApplication.run(SpringApplication.java:1365) ~[spring-boot-4.0.4.jar:4.0.4]
	at org.springframework.boot.SpringApplication.run(SpringApplication.java:1354) ~[spring-boot-4.0.4.jar:4.0.4]
	at com.accenture.projetapipizza.ProjetApiPizzaApplication.main(ProjetApiPizzaApplication.java:10) ~[classes/:na]
	at java.base/jdk.internal.reflect.DirectMethodHandleAccessor.invoke(DirectMethodHandleAccessor.java:104) ~[na:na]
	at java.base/java.lang.reflect.Method.invoke(Method.java:565) ~[na:na]
	at org.springframework.boot.devtools.restart.RestartLauncher.run(RestartLauncher.java:52) ~[spring-boot-devtools-4.0.4.jar:4.0.4]
Caused by: org.postgresql.util.PSQLException: ERROR: syntax error at or near "order"
  Position: 14
	at org.postgresql.core.v3.QueryExecutorImpl.receiveErrorResponse(QueryExecutorImpl.java:2875) ~[postgresql-42.7.10.jar:42.7.10]
	at org.postgresql.core.v3.QueryExecutorImpl.processResults(QueryExecutorImpl.java:2560) ~[postgresql-42.7.10.jar:42.7.10]
	at org.postgresql.core.v3.QueryExecutorImpl.execute(QueryExecutorImpl.java:429) ~[postgresql-42.7.10.jar:42.7.10]
	at org.postgresql.jdbc.PgStatement.executeInternal(PgStatement.java:526) ~[postgresql-42.7.10.jar:42.7.10]
	at org.postgresql.jdbc.PgStatement.execute(PgStatement.java:436) ~[postgresql-42.7.10.jar:42.7.10]
	at org.postgresql.jdbc.PgStatement.executeWithFlags(PgStatement.java:358) ~[postgresql-42.7.10.jar:42.7.10]
	at org.postgresql.jdbc.PgStatement.executeCachedSql(PgStatement.java:343) ~[postgresql-42.7.10.jar:42.7.10]
	at org.postgresql.jdbc.PgStatement.executeWithFlags(PgStatement.java:319) ~[postgresql-42.7.10.jar:42.7.10]
	at org.postgresql.jdbc.PgStatement.execute(PgStatement.java:314) ~[postgresql-42.7.10.jar:42.7.10]
	at com.zaxxer.hikari.pool.ProxyStatement.execute(ProxyStatement.java:95) ~[HikariCP-7.0.2.jar:na]
	at com.zaxxer.hikari.pool.HikariProxyStatement.execute(HikariProxyStatement.java) ~[HikariCP-7.0.2.jar:na]
	at org.hibernate.tool.schema.internal.exec.GenerationTargetToDatabase.accept(GenerationTargetToDatabase.java:76) ~[hibernate-core-7.2.7.Final.jar:7.2.7.Final]
	... 41 common frames omitted

2026-03-25T10:02:24.649+01:00  WARN 30688 --- [Projet-API-Pizza] [restartedMain] o.h.t.s.i.ExceptionHandlerLoggedImpl     : GenerationTarget encountered exception accepting command : Error executing DDL "alter table if exists order add constraint FK2s2o4pp0aypkituqk2ojbhrvv foreign key (pizzas_id) references pizza" via JDBC [ERROR: syntax error at or near "order"
  Position: 23]

org.hibernate.tool.schema.spi.CommandAcceptanceException: Error executing DDL "alter table if exists order add constraint FK2s2o4pp0aypkituqk2ojbhrvv foreign key (pizzas_id) references pizza" via JDBC [ERROR: syntax error at or near "order"
  Position: 23]
	at org.hibernate.tool.schema.internal.exec.GenerationTargetToDatabase.accept(GenerationTargetToDatabase.java:81) ~[hibernate-core-7.2.7.Final.jar:7.2.7.Final]
	at org.hibernate.tool.schema.internal.AbstractSchemaMigrator.applySqlString(AbstractSchemaMigrator.java:566) ~[hibernate-core-7.2.7.Final.jar:7.2.7.Final]
	at org.hibernate.tool.schema.internal.AbstractSchemaMigrator.applySqlStrings(AbstractSchemaMigrator.java:506) ~[hibernate-core-7.2.7.Final.jar:7.2.7.Final]
	at org.hibernate.tool.schema.internal.AbstractSchemaMigrator.applyForeignKeys(AbstractSchemaMigrator.java:438) ~[hibernate-core-7.2.7.Final.jar:7.2.7.Final]
	at org.hibernate.tool.schema.internal.AbstractSchemaMigrator.performMigration(AbstractSchemaMigrator.java:256) ~[hibernate-core-7.2.7.Final.jar:7.2.7.Final]
	at org.hibernate.tool.schema.internal.AbstractSchemaMigrator.doMigration(AbstractSchemaMigrator.java:96) ~[hibernate-core-7.2.7.Final.jar:7.2.7.Final]
	at org.hibernate.tool.schema.spi.SchemaManagementToolCoordinator.performDatabaseAction(SchemaManagementToolCoordinator.java:269) ~[hibernate-core-7.2.7.Final.jar:7.2.7.Final]
	at org.hibernate.tool.schema.spi.SchemaManagementToolCoordinator.lambda$process$1(SchemaManagementToolCoordinator.java:101) ~[hibernate-core-7.2.7.Final.jar:7.2.7.Final]
	at java.base/java.util.HashMap.forEach(HashMap.java:1430) ~[na:na]
	at org.hibernate.tool.schema.spi.SchemaManagementToolCoordinator.process(SchemaManagementToolCoordinator.java:100) ~[hibernate-core-7.2.7.Final.jar:7.2.7.Final]
	at org.hibernate.boot.internal.SessionFactoryObserverForSchemaExport.sessionFactoryCreated(SessionFactoryObserverForSchemaExport.java:35) ~[hibernate-core-7.2.7.Final.jar:7.2.7.Final]
	at org.hibernate.internal.SessionFactoryObserverChain.sessionFactoryCreated(SessionFactoryObserverChain.java:33) ~[hibernate-core-7.2.7.Final.jar:7.2.7.Final]
	at org.hibernate.internal.SessionFactoryImpl.<init>(SessionFactoryImpl.java:323) ~[hibernate-core-7.2.7.Final.jar:7.2.7.Final]
	at org.hibernate.internal.SessionFactoryRegistry.instantiateSessionFactory(SessionFactoryRegistry.java:64) ~[hibernate-core-7.2.7.Final.jar:7.2.7.Final]
	at org.hibernate.boot.internal.SessionFactoryBuilderImpl.build(SessionFactoryBuilderImpl.java:437) ~[hibernate-core-7.2.7.Final.jar:7.2.7.Final]
	at org.hibernate.jpa.boot.internal.EntityManagerFactoryBuilderImpl.build(EntityManagerFactoryBuilderImpl.java:1456) ~[hibernate-core-7.2.7.Final.jar:7.2.7.Final]
	at org.springframework.orm.jpa.vendor.SpringHibernateJpaPersistenceProvider.createContainerEntityManagerFactory(SpringHibernateJpaPersistenceProvider.java:93) ~[spring-orm-7.0.6.jar:7.0.6]
	at org.springframework.orm.jpa.LocalContainerEntityManagerFactoryBean.createNativeEntityManagerFactory(LocalContainerEntityManagerFactoryBean.java:443) ~[spring-orm-7.0.6.jar:7.0.6]
	at org.springframework.orm.jpa.AbstractEntityManagerFactoryBean.buildNativeEntityManagerFactory(AbstractEntityManagerFactoryBean.java:436) ~[spring-orm-7.0.6.jar:7.0.6]
	at org.springframework.orm.jpa.AbstractEntityManagerFactoryBean.afterPropertiesSet(AbstractEntityManagerFactoryBean.java:411) ~[spring-orm-7.0.6.jar:7.0.6]
	at org.springframework.orm.jpa.LocalContainerEntityManagerFactoryBean.afterPropertiesSet(LocalContainerEntityManagerFactoryBean.java:419) ~[spring-orm-7.0.6.jar:7.0.6]
	at org.springframework.beans.factory.support.AbstractAutowireCapableBeanFactory.invokeInitMethods(AbstractAutowireCapableBeanFactory.java:1864) ~[spring-beans-7.0.6.jar:7.0.6]
	at org.springframework.beans.factory.support.AbstractAutowireCapableBeanFactory.initializeBean(AbstractAutowireCapableBeanFactory.java:1813) ~[spring-beans-7.0.6.jar:7.0.6]
	at org.springframework.beans.factory.support.AbstractAutowireCapableBeanFactory.doCreateBean(AbstractAutowireCapableBeanFactory.java:603) ~[spring-beans-7.0.6.jar:7.0.6]
	at org.springframework.beans.factory.support.AbstractAutowireCapableBeanFactory.createBean(AbstractAutowireCapableBeanFactory.java:525) ~[spring-beans-7.0.6.jar:7.0.6]
	at org.springframework.beans.factory.support.AbstractBeanFactory.lambda$doGetBean$0(AbstractBeanFactory.java:333) ~[spring-beans-7.0.6.jar:7.0.6]
	at org.springframework.beans.factory.support.DefaultSingletonBeanRegistry.getSingleton(DefaultSingletonBeanRegistry.java:371) ~[spring-beans-7.0.6.jar:7.0.6]
	at org.springframework.beans.factory.support.AbstractBeanFactory.doGetBean(AbstractBeanFactory.java:331) ~[spring-beans-7.0.6.jar:7.0.6]
	at org.springframework.beans.factory.support.AbstractBeanFactory.getBean(AbstractBeanFactory.java:201) ~[spring-beans-7.0.6.jar:7.0.6]
	at org.springframework.context.support.AbstractApplicationContext.finishBeanFactoryInitialization(AbstractApplicationContext.java:977) ~[spring-context-7.0.6.jar:7.0.6]
	at org.springframework.context.support.AbstractApplicationContext.refresh(AbstractApplicationContext.java:621) ~[spring-context-7.0.6.jar:7.0.6]
	at org.springframework.boot.web.server.servlet.context.ServletWebServerApplicationContext.refresh(ServletWebServerApplicationContext.java:143) ~[spring-boot-web-server-4.0.4.jar:4.0.4]
	at org.springframework.boot.SpringApplication.refresh(SpringApplication.java:756) ~[spring-boot-4.0.4.jar:4.0.4]
	at org.springframework.boot.SpringApplication.refreshContext(SpringApplication.java:445) ~[spring-boot-4.0.4.jar:4.0.4]
	at org.springframework.boot.SpringApplication.run(SpringApplication.java:321) ~[spring-boot-4.0.4.jar:4.0.4]
	at org.springframework.boot.SpringApplication.run(SpringApplication.java:1365) ~[spring-boot-4.0.4.jar:4.0.4]
	at org.springframework.boot.SpringApplication.run(SpringApplication.java:1354) ~[spring-boot-4.0.4.jar:4.0.4]
	at com.accenture.projetapipizza.ProjetApiPizzaApplication.main(ProjetApiPizzaApplication.java:10) ~[classes/:na]
	at java.base/jdk.internal.reflect.DirectMethodHandleAccessor.invoke(DirectMethodHandleAccessor.java:104) ~[na:na]
	at java.base/java.lang.reflect.Method.invoke(Method.java:565) ~[na:na]
	at org.springframework.boot.devtools.restart.RestartLauncher.run(RestartLauncher.java:52) ~[spring-boot-devtools-4.0.4.jar:4.0.4]
Caused by: org.postgresql.util.PSQLException: ERROR: syntax error at or near "order"
  Position: 23
	at org.postgresql.core.v3.QueryExecutorImpl.receiveErrorResponse(QueryExecutorImpl.java:2875) ~[postgresql-42.7.10.jar:42.7.10]
	at org.postgresql.core.v3.QueryExecutorImpl.processResults(QueryExecutorImpl.java:2560) ~[postgresql-42.7.10.jar:42.7.10]
	at org.postgresql.core.v3.QueryExecutorImpl.execute(QueryExecutorImpl.java:429) ~[postgresql-42.7.10.jar:42.7.10]
	at org.postgresql.jdbc.PgStatement.executeInternal(PgStatement.java:526) ~[postgresql-42.7.10.jar:42.7.10]
	at org.postgresql.jdbc.PgStatement.execute(PgStatement.java:436) ~[postgresql-42.7.10.jar:42.7.10]
	at org.postgresql.jdbc.PgStatement.executeWithFlags(PgStatement.java:358) ~[postgresql-42.7.10.jar:42.7.10]
	at org.postgresql.jdbc.PgStatement.executeCachedSql(PgStatement.java:343) ~[postgresql-42.7.10.jar:42.7.10]
	at org.postgresql.jdbc.PgStatement.executeWithFlags(PgStatement.java:319) ~[postgresql-42.7.10.jar:42.7.10]
	at org.postgresql.jdbc.PgStatement.execute(PgStatement.java:314) ~[postgresql-42.7.10.jar:42.7.10]
	at com.zaxxer.hikari.pool.ProxyStatement.execute(ProxyStatement.java:95) ~[HikariCP-7.0.2.jar:na]
	at com.zaxxer.hikari.pool.HikariProxyStatement.execute(HikariProxyStatement.java) ~[HikariCP-7.0.2.jar:na]
	at org.hibernate.tool.schema.internal.exec.GenerationTargetToDatabase.accept(GenerationTargetToDatabase.java:76) ~[hibernate-core-7.2.7.Final.jar:7.2.7.Final]
	... 40 common frames omitted

2026-03-25T10:02:24.654+01:00  WARN 30688 --- [Projet-API-Pizza] [restartedMain] o.h.t.s.i.ExceptionHandlerLoggedImpl     : GenerationTarget encountered exception accepting command : Error executing DDL "alter table if exists order add constraint FKr3jxje8a3n0urb90w1yykoalc foreign key (orders_id) references customer" via JDBC [ERROR: syntax error at or near "order"
  Position: 23]

org.hibernate.tool.schema.spi.CommandAcceptanceException: Error executing DDL "alter table if exists order add constraint FKr3jxje8a3n0urb90w1yykoalc foreign key (orders_id) references customer" via JDBC [ERROR: syntax error at or near "order"
  Position: 23]
	at org.hibernate.tool.schema.internal.exec.GenerationTargetToDatabase.accept(GenerationTargetToDatabase.java:81) ~[hibernate-core-7.2.7.Final.jar:7.2.7.Final]
	at org.hibernate.tool.schema.internal.AbstractSchemaMigrator.applySqlString(AbstractSchemaMigrator.java:566) ~[hibernate-core-7.2.7.Final.jar:7.2.7.Final]
	at org.hibernate.tool.schema.internal.AbstractSchemaMigrator.applySqlStrings(AbstractSchemaMigrator.java:506) ~[hibernate-core-7.2.7.Final.jar:7.2.7.Final]
	at org.hibernate.tool.schema.internal.AbstractSchemaMigrator.applyForeignKeys(AbstractSchemaMigrator.java:438) ~[hibernate-core-7.2.7.Final.jar:7.2.7.Final]
	at org.hibernate.tool.schema.internal.AbstractSchemaMigrator.performMigration(AbstractSchemaMigrator.java:256) ~[hibernate-core-7.2.7.Final.jar:7.2.7.Final]
	at org.hibernate.tool.schema.internal.AbstractSchemaMigrator.doMigration(AbstractSchemaMigrator.java:96) ~[hibernate-core-7.2.7.Final.jar:7.2.7.Final]
	at org.hibernate.tool.schema.spi.SchemaManagementToolCoordinator.performDatabaseAction(SchemaManagementToolCoordinator.java:269) ~[hibernate-core-7.2.7.Final.jar:7.2.7.Final]
	at org.hibernate.tool.schema.spi.SchemaManagementToolCoordinator.lambda$process$1(SchemaManagementToolCoordinator.java:101) ~[hibernate-core-7.2.7.Final.jar:7.2.7.Final]
	at java.base/java.util.HashMap.forEach(HashMap.java:1430) ~[na:na]
	at org.hibernate.tool.schema.spi.SchemaManagementToolCoordinator.process(SchemaManagementToolCoordinator.java:100) ~[hibernate-core-7.2.7.Final.jar:7.2.7.Final]
	at org.hibernate.boot.internal.SessionFactoryObserverForSchemaExport.sessionFactoryCreated(SessionFactoryObserverForSchemaExport.java:35) ~[hibernate-core-7.2.7.Final.jar:7.2.7.Final]
	at org.hibernate.internal.SessionFactoryObserverChain.sessionFactoryCreated(SessionFactoryObserverChain.java:33) ~[hibernate-core-7.2.7.Final.jar:7.2.7.Final]
	at org.hibernate.internal.SessionFactoryImpl.<init>(SessionFactoryImpl.java:323) ~[hibernate-core-7.2.7.Final.jar:7.2.7.Final]
	at org.hibernate.internal.SessionFactoryRegistry.instantiateSessionFactory(SessionFactoryRegistry.java:64) ~[hibernate-core-7.2.7.Final.jar:7.2.7.Final]
	at org.hibernate.boot.internal.SessionFactoryBuilderImpl.build(SessionFactoryBuilderImpl.java:437) ~[hibernate-core-7.2.7.Final.jar:7.2.7.Final]
	at org.hibernate.jpa.boot.internal.EntityManagerFactoryBuilderImpl.build(EntityManagerFactoryBuilderImpl.java:1456) ~[hibernate-core-7.2.7.Final.jar:7.2.7.Final]
	at org.springframework.orm.jpa.vendor.SpringHibernateJpaPersistenceProvider.createContainerEntityManagerFactory(SpringHibernateJpaPersistenceProvider.java:93) ~[spring-orm-7.0.6.jar:7.0.6]
	at org.springframework.orm.jpa.LocalContainerEntityManagerFactoryBean.createNativeEntityManagerFactory(LocalContainerEntityManagerFactoryBean.java:443) ~[spring-orm-7.0.6.jar:7.0.6]
	at org.springframework.orm.jpa.AbstractEntityManagerFactoryBean.buildNativeEntityManagerFactory(AbstractEntityManagerFactoryBean.java:436) ~[spring-orm-7.0.6.jar:7.0.6]
	at org.springframework.orm.jpa.AbstractEntityManagerFactoryBean.afterPropertiesSet(AbstractEntityManagerFactoryBean.java:411) ~[spring-orm-7.0.6.jar:7.0.6]
	at org.springframework.orm.jpa.LocalContainerEntityManagerFactoryBean.afterPropertiesSet(LocalContainerEntityManagerFactoryBean.java:419) ~[spring-orm-7.0.6.jar:7.0.6]
	at org.springframework.beans.factory.support.AbstractAutowireCapableBeanFactory.invokeInitMethods(AbstractAutowireCapableBeanFactory.java:1864) ~[spring-beans-7.0.6.jar:7.0.6]
	at org.springframework.beans.factory.support.AbstractAutowireCapableBeanFactory.initializeBean(AbstractAutowireCapableBeanFactory.java:1813) ~[spring-beans-7.0.6.jar:7.0.6]
	at org.springframework.beans.factory.support.AbstractAutowireCapableBeanFactory.doCreateBean(AbstractAutowireCapableBeanFactory.java:603) ~[spring-beans-7.0.6.jar:7.0.6]
	at org.springframework.beans.factory.support.AbstractAutowireCapableBeanFactory.createBean(AbstractAutowireCapableBeanFactory.java:525) ~[spring-beans-7.0.6.jar:7.0.6]
	at org.springframework.beans.factory.support.AbstractBeanFactory.lambda$doGetBean$0(AbstractBeanFactory.java:333) ~[spring-beans-7.0.6.jar:7.0.6]
	at org.springframework.beans.factory.support.DefaultSingletonBeanRegistry.getSingleton(DefaultSingletonBeanRegistry.java:371) ~[spring-beans-7.0.6.jar:7.0.6]
	at org.springframework.beans.factory.support.AbstractBeanFactory.doGetBean(AbstractBeanFactory.java:331) ~[spring-beans-7.0.6.jar:7.0.6]
	at org.springframework.beans.factory.support.AbstractBeanFactory.getBean(AbstractBeanFactory.java:201) ~[spring-beans-7.0.6.jar:7.0.6]
	at org.springframework.context.support.AbstractApplicationContext.finishBeanFactoryInitialization(AbstractApplicationContext.java:977) ~[spring-context-7.0.6.jar:7.0.6]
	at org.springframework.context.support.AbstractApplicationContext.refresh(AbstractApplicationContext.java:621) ~[spring-context-7.0.6.jar:7.0.6]
	at org.springframework.boot.web.server.servlet.context.ServletWebServerApplicationContext.refresh(ServletWebServerApplicationContext.java:143) ~[spring-boot-web-server-4.0.4.jar:4.0.4]
	at org.springframework.boot.SpringApplication.refresh(SpringApplication.java:756) ~[spring-boot-4.0.4.jar:4.0.4]
	at org.springframework.boot.SpringApplication.refreshContext(SpringApplication.java:445) ~[spring-boot-4.0.4.jar:4.0.4]
	at org.springframework.boot.SpringApplication.run(SpringApplication.java:321) ~[spring-boot-4.0.4.jar:4.0.4]
	at org.springframework.boot.SpringApplication.run(SpringApplication.java:1365) ~[spring-boot-4.0.4.jar:4.0.4]
	at org.springframework.boot.SpringApplication.run(SpringApplication.java:1354) ~[spring-boot-4.0.4.jar:4.0.4]
	at com.accenture.projetapipizza.ProjetApiPizzaApplication.main(ProjetApiPizzaApplication.java:10) ~[classes/:na]
	at java.base/jdk.internal.reflect.DirectMethodHandleAccessor.invoke(DirectMethodHandleAccessor.java:104) ~[na:na]
	at java.base/java.lang.reflect.Method.invoke(Method.java:565) ~[na:na]
	at org.springframework.boot.devtools.restart.RestartLauncher.run(RestartLauncher.java:52) ~[spring-boot-devtools-4.0.4.jar:4.0.4]
Caused by: org.postgresql.util.PSQLException: ERROR: syntax error at or near "order"
  Position: 23
	at org.postgresql.core.v3.QueryExecutorImpl.receiveErrorResponse(QueryExecutorImpl.java:2875) ~[postgresql-42.7.10.jar:42.7.10]
	at org.postgresql.core.v3.QueryExecutorImpl.processResults(QueryExecutorImpl.java:2560) ~[postgresql-42.7.10.jar:42.7.10]
	at org.postgresql.core.v3.QueryExecutorImpl.execute(QueryExecutorImpl.java:429) ~[postgresql-42.7.10.jar:42.7.10]
	at org.postgresql.jdbc.PgStatement.executeInternal(PgStatement.java:526) ~[postgresql-42.7.10.jar:42.7.10]
	at org.postgresql.jdbc.PgStatement.execute(PgStatement.java:436) ~[postgresql-42.7.10.jar:42.7.10]
	at org.postgresql.jdbc.PgStatement.executeWithFlags(PgStatement.java:358) ~[postgresql-42.7.10.jar:42.7.10]
	at org.postgresql.jdbc.PgStatement.executeCachedSql(PgStatement.java:343) ~[postgresql-42.7.10.jar:42.7.10]
	at org.postgresql.jdbc.PgStatement.executeWithFlags(PgStatement.java:319) ~[postgresql-42.7.10.jar:42.7.10]
	at org.postgresql.jdbc.PgStatement.execute(PgStatement.java:314) ~[postgresql-42.7.10.jar:42.7.10]
	at com.zaxxer.hikari.pool.ProxyStatement.execute(ProxyStatement.java:95) ~[HikariCP-7.0.2.jar:na]
	at com.zaxxer.hikari.pool.HikariProxyStatement.execute(HikariProxyStatement.java) ~[HikariCP-7.0.2.jar:na]
	at org.hibernate.tool.schema.internal.exec.GenerationTargetToDatabase.accept(GenerationTargetToDatabase.java:76) ~[hibernate-core-7.2.7.Final.jar:7.2.7.Final]
	... 40 common frames omitted

2026-03-25T10:02:24.661+01:00  INFO 30688 --- [Projet-API-Pizza] [restartedMain] j.LocalContainerEntityManagerFactoryBean : Initialized JPA EntityManagerFactory for persistence unit 'default'
2026-03-25T10:02:24.889+01:00  INFO 30688 --- [Projet-API-Pizza] [restartedMain] o.s.d.j.r.query.QueryEnhancerFactories   : Hibernate is in classpath; If applicable, HQL parser will be used.
2026-03-25T10:02:25.127+01:00  WARN 30688 --- [Projet-API-Pizza] [restartedMain] JpaBaseConfiguration$JpaWebConfiguration : spring.jpa.open-in-view is enabled by default. Therefore, database queries may be performed during view rendering. Explicitly configure spring.jpa.open-in-view to disable this warning
2026-03-25T10:02:25.507+01:00  INFO 30688 --- [Projet-API-Pizza] [restartedMain] o.s.b.h.a.H2ConsoleAutoConfiguration     : H2 console available at '/h2-console'. Database available at 'jdbc:postgresql://127.0.0.1:5432/mydb'
2026-03-25T10:02:25.583+01:00  INFO 30688 --- [Projet-API-Pizza] [restartedMain] o.s.boot.tomcat.TomcatWebServer          : Tomcat started on port 9999 (http) with context path '/'
2026-03-25T10:02:25.591+01:00  INFO 30688 --- [Projet-API-Pizza] [restartedMain] c.a.p.ProjetApiPizzaApplication          : Started ProjetApiPizzaApplication in 6.67 seconds (process running for 22.881)
2026-03-25T10:02:25.597+01:00  WARN 30688 --- [Projet-API-Pizza] [restartedMain] o.s.core.events.SpringDocAppInitializer  : SpringDoc /v3/api-docs endpoint is enabled by default. To disable it in production, set the property 'springdoc.api-docs.enabled=false'
2026-03-25T10:02:25.598+01:00  WARN 30688 --- [Projet-API-Pizza] [restartedMain] o.s.core.events.SpringDocAppInitializer  : SpringDoc /swagger-ui.html endpoint is enabled by default. To disable it in production, set the property 'springdoc.swagger-ui.enabled=false'
2026-03-25T10:02:56.255+01:00  INFO 30688 --- [Projet-API-Pizza] [http-nio-9999-exec-2] o.a.c.c.C.[Tomcat].[localhost].[/]       : Initializing Spring DispatcherServlet 'dispatcherServlet'
2026-03-25T10:02:56.256+01:00  INFO 30688 --- [Projet-API-Pizza] [http-nio-9999-exec-2] o.s.web.servlet.DispatcherServlet        : Initializing Servlet 'dispatcherServlet'
2026-03-25T10:02:56.258+01:00  INFO 30688 --- [Projet-API-Pizza] [http-nio-9999-exec-2] o.s.web.servlet.DispatcherServlet        : Completed initialization in 2 ms
2026-03-25T10:02:56.519+01:00  INFO 30688 --- [Projet-API-Pizza] [http-nio-9999-exec-2] c.a.p.service.CustomerServiceImpl        : Validating and creating customer: 'John'
2026-03-25T10:02:56.547+01:00  INFO 30688 --- [Projet-API-Pizza] [http-nio-9999-exec-2] c.a.p.service.CustomerServiceImpl        : Customer 'John' successfully created with id=5a41ddb1-a714-4c18-b34b-5a808cf11848
2026-03-25T10:05:30.377+01:00  INFO 30688 --- [Projet-API-Pizza] [SpringApplicationShutdownHook] o.s.boot.tomcat.GracefulShutdown         : Commencing graceful shutdown. Waiting for active requests to complete
2026-03-25T10:05:30.385+01:00  INFO 30688 --- [Projet-API-Pizza] [tomcat-shutdown] o.s.boot.tomcat.GracefulShutdown         : Graceful shutdown complete
2026-03-25T10:05:30.389+01:00  INFO 30688 --- [Projet-API-Pizza] [SpringApplicationShutdownHook] j.LocalContainerEntityManagerFactoryBean : Closing JPA EntityManagerFactory for persistence unit 'default'
2026-03-25T10:05:30.394+01:00  INFO 30688 --- [Projet-API-Pizza] [SpringApplicationShutdownHook] com.zaxxer.hikari.HikariDataSource       : HikariPool-1 - Shutdown initiated...
2026-03-25T10:05:30.417+01:00  INFO 30688 --- [Projet-API-Pizza] [SpringApplicationShutdownHook] com.zaxxer.hikari.HikariDataSource       : HikariPool-1 - Shutdown completed.
2026-03-25T10:05:34.599+01:00  INFO 6436 --- [Projet-API-Pizza] [restartedMain] c.a.p.ProjetApiPizzaApplication          : Starting ProjetApiPizzaApplication using Java 25.0.2 with PID 6436 (C:\Users\celine.denis\IdeaProjects\Projet-API-Pizza\target\classes started by celine.denis in C:\Users\celine.denis\IdeaProjects\Projet-API-Pizza)
2026-03-25T10:05:34.605+01:00  INFO 6436 --- [Projet-API-Pizza] [restartedMain] c.a.p.ProjetApiPizzaApplication          : No active profile set, falling back to 1 default profile: "default"
2026-03-25T10:05:34.672+01:00  INFO 6436 --- [Projet-API-Pizza] [restartedMain] .e.DevToolsPropertyDefaultsPostProcessor : Devtools property defaults active! Set 'spring.devtools.add-properties' to 'false' to disable
2026-03-25T10:05:34.673+01:00  INFO 6436 --- [Projet-API-Pizza] [restartedMain] .e.DevToolsPropertyDefaultsPostProcessor : For additional web related logging consider setting the 'logging.level.web' property to 'DEBUG'
2026-03-25T10:05:35.619+01:00  INFO 6436 --- [Projet-API-Pizza] [restartedMain] .s.d.r.c.RepositoryConfigurationDelegate : Bootstrapping Spring Data JPA repositories in DEFAULT mode.
2026-03-25T10:05:35.682+01:00  INFO 6436 --- [Projet-API-Pizza] [restartedMain] .s.d.r.c.RepositoryConfigurationDelegate : Finished Spring Data repository scanning in 55 ms. Found 2 JPA repository interfaces.
2026-03-25T10:05:36.197+01:00  INFO 6436 --- [Projet-API-Pizza] [restartedMain] o.s.boot.tomcat.TomcatWebServer          : Tomcat initialized with port 9999 (http)
2026-03-25T10:05:36.208+01:00  INFO 6436 --- [Projet-API-Pizza] [restartedMain] o.apache.catalina.core.StandardService   : Starting service [Tomcat]
2026-03-25T10:05:36.209+01:00  INFO 6436 --- [Projet-API-Pizza] [restartedMain] o.apache.catalina.core.StandardEngine    : Starting Servlet engine: [Apache Tomcat/11.0.18]
2026-03-25T10:05:36.257+01:00  INFO 6436 --- [Projet-API-Pizza] [restartedMain] b.w.c.s.WebApplicationContextInitializer : Root WebApplicationContext: initialization completed in 1583 ms
2026-03-25T10:05:36.454+01:00  INFO 6436 --- [Projet-API-Pizza] [restartedMain] org.hibernate.orm.jpa                    : HHH008540: Processing PersistenceUnitInfo [name: default]
2026-03-25T10:05:36.508+01:00  INFO 6436 --- [Projet-API-Pizza] [restartedMain] org.hibernate.orm.core                   : HHH000001: Hibernate ORM core version 7.2.7.Final
2026-03-25T10:05:36.941+01:00  INFO 6436 --- [Projet-API-Pizza] [restartedMain] o.s.o.j.p.SpringPersistenceUnitInfo      : No LoadTimeWeaver setup: ignoring JPA class transformer
2026-03-25T10:05:36.966+01:00  INFO 6436 --- [Projet-API-Pizza] [restartedMain] com.zaxxer.hikari.HikariDataSource       : HikariPool-1 - Starting...
2026-03-25T10:05:37.108+01:00  INFO 6436 --- [Projet-API-Pizza] [restartedMain] com.zaxxer.hikari.pool.HikariPool        : HikariPool-1 - Added connection org.postgresql.jdbc.PgConnection@173e108
2026-03-25T10:05:37.110+01:00  INFO 6436 --- [Projet-API-Pizza] [restartedMain] com.zaxxer.hikari.HikariDataSource       : HikariPool-1 - Start completed.
2026-03-25T10:05:37.173+01:00  INFO 6436 --- [Projet-API-Pizza] [restartedMain] org.hibernate.orm.connections.pooling    : HHH10001005: Database info:
	Database JDBC URL [jdbc:postgresql://127.0.0.1:5432/mydb]
	Database driver: PostgreSQL JDBC Driver
	Database dialect: PostgreSQLDialect
	Database version: 18.3
	Default catalog/schema: mydb/public
	Autocommit mode: undefined/unknown
	Isolation level: READ_COMMITTED [default READ_COMMITTED]
	JDBC fetch size: none
	Pool: DataSourceConnectionProvider
	Minimum pool size: undefined/unknown
	Maximum pool size: undefined/unknown
2026-03-25T10:05:38.143+01:00  INFO 6436 --- [Projet-API-Pizza] [restartedMain] org.hibernate.orm.core                   : HHH000489: No JTA platform available (set 'hibernate.transaction.jta.platform' to enable JTA platform integration)
2026-03-25T10:05:38.205+01:00  WARN 6436 --- [Projet-API-Pizza] [restartedMain] o.h.t.s.i.ExceptionHandlerLoggedImpl     : GenerationTarget encountered exception accepting command : Error executing DDL "create table order (id uuid not null, order_status varchar(255) check ((order_status in ('PENDING','IN_PREPARATION','READY','DELIVERED'))), pizzas_id uuid, orders_id uuid, primary key (id))" via JDBC [ERROR: syntax error at or near "order"
  Position: 14]

org.hibernate.tool.schema.spi.CommandAcceptanceException: Error executing DDL "create table order (id uuid not null, order_status varchar(255) check ((order_status in ('PENDING','IN_PREPARATION','READY','DELIVERED'))), pizzas_id uuid, orders_id uuid, primary key (id))" via JDBC [ERROR: syntax error at or near "order"
  Position: 14]
	at org.hibernate.tool.schema.internal.exec.GenerationTargetToDatabase.accept(GenerationTargetToDatabase.java:81) ~[hibernate-core-7.2.7.Final.jar:7.2.7.Final]
	at org.hibernate.tool.schema.internal.AbstractSchemaMigrator.applySqlString(AbstractSchemaMigrator.java:566) ~[hibernate-core-7.2.7.Final.jar:7.2.7.Final]
	at org.hibernate.tool.schema.internal.AbstractSchemaMigrator.applySqlStrings(AbstractSchemaMigrator.java:506) ~[hibernate-core-7.2.7.Final.jar:7.2.7.Final]
	at org.hibernate.tool.schema.internal.AbstractSchemaMigrator.createTable(AbstractSchemaMigrator.java:305) ~[hibernate-core-7.2.7.Final.jar:7.2.7.Final]
	at org.hibernate.tool.schema.internal.GroupedSchemaMigratorImpl.performTablesMigration(GroupedSchemaMigratorImpl.java:80) ~[hibernate-core-7.2.7.Final.jar:7.2.7.Final]
	at org.hibernate.tool.schema.internal.AbstractSchemaMigrator.performMigration(AbstractSchemaMigrator.java:220) ~[hibernate-core-7.2.7.Final.jar:7.2.7.Final]
	at org.hibernate.tool.schema.internal.AbstractSchemaMigrator.doMigration(AbstractSchemaMigrator.java:96) ~[hibernate-core-7.2.7.Final.jar:7.2.7.Final]
	at org.hibernate.tool.schema.spi.SchemaManagementToolCoordinator.performDatabaseAction(SchemaManagementToolCoordinator.java:269) ~[hibernate-core-7.2.7.Final.jar:7.2.7.Final]
	at org.hibernate.tool.schema.spi.SchemaManagementToolCoordinator.lambda$process$1(SchemaManagementToolCoordinator.java:101) ~[hibernate-core-7.2.7.Final.jar:7.2.7.Final]
	at java.base/java.util.HashMap.forEach(HashMap.java:1430) ~[na:na]
	at org.hibernate.tool.schema.spi.SchemaManagementToolCoordinator.process(SchemaManagementToolCoordinator.java:100) ~[hibernate-core-7.2.7.Final.jar:7.2.7.Final]
	at org.hibernate.boot.internal.SessionFactoryObserverForSchemaExport.sessionFactoryCreated(SessionFactoryObserverForSchemaExport.java:35) ~[hibernate-core-7.2.7.Final.jar:7.2.7.Final]
	at org.hibernate.internal.SessionFactoryObserverChain.sessionFactoryCreated(SessionFactoryObserverChain.java:33) ~[hibernate-core-7.2.7.Final.jar:7.2.7.Final]
	at org.hibernate.internal.SessionFactoryImpl.<init>(SessionFactoryImpl.java:323) ~[hibernate-core-7.2.7.Final.jar:7.2.7.Final]
	at org.hibernate.internal.SessionFactoryRegistry.instantiateSessionFactory(SessionFactoryRegistry.java:64) ~[hibernate-core-7.2.7.Final.jar:7.2.7.Final]
	at org.hibernate.boot.internal.SessionFactoryBuilderImpl.build(SessionFactoryBuilderImpl.java:437) ~[hibernate-core-7.2.7.Final.jar:7.2.7.Final]
	at org.hibernate.jpa.boot.internal.EntityManagerFactoryBuilderImpl.build(EntityManagerFactoryBuilderImpl.java:1456) ~[hibernate-core-7.2.7.Final.jar:7.2.7.Final]
	at org.springframework.orm.jpa.vendor.SpringHibernateJpaPersistenceProvider.createContainerEntityManagerFactory(SpringHibernateJpaPersistenceProvider.java:93) ~[spring-orm-7.0.6.jar:7.0.6]
	at org.springframework.orm.jpa.LocalContainerEntityManagerFactoryBean.createNativeEntityManagerFactory(LocalContainerEntityManagerFactoryBean.java:443) ~[spring-orm-7.0.6.jar:7.0.6]
	at org.springframework.orm.jpa.AbstractEntityManagerFactoryBean.buildNativeEntityManagerFactory(AbstractEntityManagerFactoryBean.java:436) ~[spring-orm-7.0.6.jar:7.0.6]
	at org.springframework.orm.jpa.AbstractEntityManagerFactoryBean.afterPropertiesSet(AbstractEntityManagerFactoryBean.java:411) ~[spring-orm-7.0.6.jar:7.0.6]
	at org.springframework.orm.jpa.LocalContainerEntityManagerFactoryBean.afterPropertiesSet(LocalContainerEntityManagerFactoryBean.java:419) ~[spring-orm-7.0.6.jar:7.0.6]
	at org.springframework.beans.factory.support.AbstractAutowireCapableBeanFactory.invokeInitMethods(AbstractAutowireCapableBeanFactory.java:1864) ~[spring-beans-7.0.6.jar:7.0.6]
	at org.springframework.beans.factory.support.AbstractAutowireCapableBeanFactory.initializeBean(AbstractAutowireCapableBeanFactory.java:1813) ~[spring-beans-7.0.6.jar:7.0.6]
	at org.springframework.beans.factory.support.AbstractAutowireCapableBeanFactory.doCreateBean(AbstractAutowireCapableBeanFactory.java:603) ~[spring-beans-7.0.6.jar:7.0.6]
	at org.springframework.beans.factory.support.AbstractAutowireCapableBeanFactory.createBean(AbstractAutowireCapableBeanFactory.java:525) ~[spring-beans-7.0.6.jar:7.0.6]
	at org.springframework.beans.factory.support.AbstractBeanFactory.lambda$doGetBean$0(AbstractBeanFactory.java:333) ~[spring-beans-7.0.6.jar:7.0.6]
	at org.springframework.beans.factory.support.DefaultSingletonBeanRegistry.getSingleton(DefaultSingletonBeanRegistry.java:371) ~[spring-beans-7.0.6.jar:7.0.6]
	at org.springframework.beans.factory.support.AbstractBeanFactory.doGetBean(AbstractBeanFactory.java:331) ~[spring-beans-7.0.6.jar:7.0.6]
	at org.springframework.beans.factory.support.AbstractBeanFactory.getBean(AbstractBeanFactory.java:201) ~[spring-beans-7.0.6.jar:7.0.6]
	at org.springframework.context.support.AbstractApplicationContext.finishBeanFactoryInitialization(AbstractApplicationContext.java:977) ~[spring-context-7.0.6.jar:7.0.6]
	at org.springframework.context.support.AbstractApplicationContext.refresh(AbstractApplicationContext.java:621) ~[spring-context-7.0.6.jar:7.0.6]
	at org.springframework.boot.web.server.servlet.context.ServletWebServerApplicationContext.refresh(ServletWebServerApplicationContext.java:143) ~[spring-boot-web-server-4.0.4.jar:4.0.4]
	at org.springframework.boot.SpringApplication.refresh(SpringApplication.java:756) ~[spring-boot-4.0.4.jar:4.0.4]
	at org.springframework.boot.SpringApplication.refreshContext(SpringApplication.java:445) ~[spring-boot-4.0.4.jar:4.0.4]
	at org.springframework.boot.SpringApplication.run(SpringApplication.java:321) ~[spring-boot-4.0.4.jar:4.0.4]
	at org.springframework.boot.SpringApplication.run(SpringApplication.java:1365) ~[spring-boot-4.0.4.jar:4.0.4]
	at org.springframework.boot.SpringApplication.run(SpringApplication.java:1354) ~[spring-boot-4.0.4.jar:4.0.4]
	at com.accenture.projetapipizza.ProjetApiPizzaApplication.main(ProjetApiPizzaApplication.java:10) ~[classes/:na]
	at java.base/jdk.internal.reflect.DirectMethodHandleAccessor.invoke(DirectMethodHandleAccessor.java:104) ~[na:na]
	at java.base/java.lang.reflect.Method.invoke(Method.java:565) ~[na:na]
	at org.springframework.boot.devtools.restart.RestartLauncher.run(RestartLauncher.java:52) ~[spring-boot-devtools-4.0.4.jar:4.0.4]
Caused by: org.postgresql.util.PSQLException: ERROR: syntax error at or near "order"
  Position: 14
	at org.postgresql.core.v3.QueryExecutorImpl.receiveErrorResponse(QueryExecutorImpl.java:2875) ~[postgresql-42.7.10.jar:42.7.10]
	at org.postgresql.core.v3.QueryExecutorImpl.processResults(QueryExecutorImpl.java:2560) ~[postgresql-42.7.10.jar:42.7.10]
	at org.postgresql.core.v3.QueryExecutorImpl.execute(QueryExecutorImpl.java:429) ~[postgresql-42.7.10.jar:42.7.10]
	at org.postgresql.jdbc.PgStatement.executeInternal(PgStatement.java:526) ~[postgresql-42.7.10.jar:42.7.10]
	at org.postgresql.jdbc.PgStatement.execute(PgStatement.java:436) ~[postgresql-42.7.10.jar:42.7.10]
	at org.postgresql.jdbc.PgStatement.executeWithFlags(PgStatement.java:358) ~[postgresql-42.7.10.jar:42.7.10]
	at org.postgresql.jdbc.PgStatement.executeCachedSql(PgStatement.java:343) ~[postgresql-42.7.10.jar:42.7.10]
	at org.postgresql.jdbc.PgStatement.executeWithFlags(PgStatement.java:319) ~[postgresql-42.7.10.jar:42.7.10]
	at org.postgresql.jdbc.PgStatement.execute(PgStatement.java:314) ~[postgresql-42.7.10.jar:42.7.10]
	at com.zaxxer.hikari.pool.ProxyStatement.execute(ProxyStatement.java:95) ~[HikariCP-7.0.2.jar:na]
	at com.zaxxer.hikari.pool.HikariProxyStatement.execute(HikariProxyStatement.java) ~[HikariCP-7.0.2.jar:na]
	at org.hibernate.tool.schema.internal.exec.GenerationTargetToDatabase.accept(GenerationTargetToDatabase.java:76) ~[hibernate-core-7.2.7.Final.jar:7.2.7.Final]
	... 41 common frames omitted

2026-03-25T10:05:38.238+01:00  WARN 6436 --- [Projet-API-Pizza] [restartedMain] o.h.t.s.i.ExceptionHandlerLoggedImpl     : GenerationTarget encountered exception accepting command : Error executing DDL "alter table if exists order add constraint FK2s2o4pp0aypkituqk2ojbhrvv foreign key (pizzas_id) references pizza" via JDBC [ERROR: syntax error at or near "order"
  Position: 23]

org.hibernate.tool.schema.spi.CommandAcceptanceException: Error executing DDL "alter table if exists order add constraint FK2s2o4pp0aypkituqk2ojbhrvv foreign key (pizzas_id) references pizza" via JDBC [ERROR: syntax error at or near "order"
  Position: 23]
	at org.hibernate.tool.schema.internal.exec.GenerationTargetToDatabase.accept(GenerationTargetToDatabase.java:81) ~[hibernate-core-7.2.7.Final.jar:7.2.7.Final]
	at org.hibernate.tool.schema.internal.AbstractSchemaMigrator.applySqlString(AbstractSchemaMigrator.java:566) ~[hibernate-core-7.2.7.Final.jar:7.2.7.Final]
	at org.hibernate.tool.schema.internal.AbstractSchemaMigrator.applySqlStrings(AbstractSchemaMigrator.java:506) ~[hibernate-core-7.2.7.Final.jar:7.2.7.Final]
	at org.hibernate.tool.schema.internal.AbstractSchemaMigrator.applyForeignKeys(AbstractSchemaMigrator.java:438) ~[hibernate-core-7.2.7.Final.jar:7.2.7.Final]
	at org.hibernate.tool.schema.internal.AbstractSchemaMigrator.performMigration(AbstractSchemaMigrator.java:256) ~[hibernate-core-7.2.7.Final.jar:7.2.7.Final]
	at org.hibernate.tool.schema.internal.AbstractSchemaMigrator.doMigration(AbstractSchemaMigrator.java:96) ~[hibernate-core-7.2.7.Final.jar:7.2.7.Final]
	at org.hibernate.tool.schema.spi.SchemaManagementToolCoordinator.performDatabaseAction(SchemaManagementToolCoordinator.java:269) ~[hibernate-core-7.2.7.Final.jar:7.2.7.Final]
	at org.hibernate.tool.schema.spi.SchemaManagementToolCoordinator.lambda$process$1(SchemaManagementToolCoordinator.java:101) ~[hibernate-core-7.2.7.Final.jar:7.2.7.Final]
	at java.base/java.util.HashMap.forEach(HashMap.java:1430) ~[na:na]
	at org.hibernate.tool.schema.spi.SchemaManagementToolCoordinator.process(SchemaManagementToolCoordinator.java:100) ~[hibernate-core-7.2.7.Final.jar:7.2.7.Final]
	at org.hibernate.boot.internal.SessionFactoryObserverForSchemaExport.sessionFactoryCreated(SessionFactoryObserverForSchemaExport.java:35) ~[hibernate-core-7.2.7.Final.jar:7.2.7.Final]
	at org.hibernate.internal.SessionFactoryObserverChain.sessionFactoryCreated(SessionFactoryObserverChain.java:33) ~[hibernate-core-7.2.7.Final.jar:7.2.7.Final]
	at org.hibernate.internal.SessionFactoryImpl.<init>(SessionFactoryImpl.java:323) ~[hibernate-core-7.2.7.Final.jar:7.2.7.Final]
	at org.hibernate.internal.SessionFactoryRegistry.instantiateSessionFactory(SessionFactoryRegistry.java:64) ~[hibernate-core-7.2.7.Final.jar:7.2.7.Final]
	at org.hibernate.boot.internal.SessionFactoryBuilderImpl.build(SessionFactoryBuilderImpl.java:437) ~[hibernate-core-7.2.7.Final.jar:7.2.7.Final]
	at org.hibernate.jpa.boot.internal.EntityManagerFactoryBuilderImpl.build(EntityManagerFactoryBuilderImpl.java:1456) ~[hibernate-core-7.2.7.Final.jar:7.2.7.Final]
	at org.springframework.orm.jpa.vendor.SpringHibernateJpaPersistenceProvider.createContainerEntityManagerFactory(SpringHibernateJpaPersistenceProvider.java:93) ~[spring-orm-7.0.6.jar:7.0.6]
	at org.springframework.orm.jpa.LocalContainerEntityManagerFactoryBean.createNativeEntityManagerFactory(LocalContainerEntityManagerFactoryBean.java:443) ~[spring-orm-7.0.6.jar:7.0.6]
	at org.springframework.orm.jpa.AbstractEntityManagerFactoryBean.buildNativeEntityManagerFactory(AbstractEntityManagerFactoryBean.java:436) ~[spring-orm-7.0.6.jar:7.0.6]
	at org.springframework.orm.jpa.AbstractEntityManagerFactoryBean.afterPropertiesSet(AbstractEntityManagerFactoryBean.java:411) ~[spring-orm-7.0.6.jar:7.0.6]
	at org.springframework.orm.jpa.LocalContainerEntityManagerFactoryBean.afterPropertiesSet(LocalContainerEntityManagerFactoryBean.java:419) ~[spring-orm-7.0.6.jar:7.0.6]
	at org.springframework.beans.factory.support.AbstractAutowireCapableBeanFactory.invokeInitMethods(AbstractAutowireCapableBeanFactory.java:1864) ~[spring-beans-7.0.6.jar:7.0.6]
	at org.springframework.beans.factory.support.AbstractAutowireCapableBeanFactory.initializeBean(AbstractAutowireCapableBeanFactory.java:1813) ~[spring-beans-7.0.6.jar:7.0.6]
	at org.springframework.beans.factory.support.AbstractAutowireCapableBeanFactory.doCreateBean(AbstractAutowireCapableBeanFactory.java:603) ~[spring-beans-7.0.6.jar:7.0.6]
	at org.springframework.beans.factory.support.AbstractAutowireCapableBeanFactory.createBean(AbstractAutowireCapableBeanFactory.java:525) ~[spring-beans-7.0.6.jar:7.0.6]
	at org.springframework.beans.factory.support.AbstractBeanFactory.lambda$doGetBean$0(AbstractBeanFactory.java:333) ~[spring-beans-7.0.6.jar:7.0.6]
	at org.springframework.beans.factory.support.DefaultSingletonBeanRegistry.getSingleton(DefaultSingletonBeanRegistry.java:371) ~[spring-beans-7.0.6.jar:7.0.6]
	at org.springframework.beans.factory.support.AbstractBeanFactory.doGetBean(AbstractBeanFactory.java:331) ~[spring-beans-7.0.6.jar:7.0.6]
	at org.springframework.beans.factory.support.AbstractBeanFactory.getBean(AbstractBeanFactory.java:201) ~[spring-beans-7.0.6.jar:7.0.6]
	at org.springframework.context.support.AbstractApplicationContext.finishBeanFactoryInitialization(AbstractApplicationContext.java:977) ~[spring-context-7.0.6.jar:7.0.6]
	at org.springframework.context.support.AbstractApplicationContext.refresh(AbstractApplicationContext.java:621) ~[spring-context-7.0.6.jar:7.0.6]
	at org.springframework.boot.web.server.servlet.context.ServletWebServerApplicationContext.refresh(ServletWebServerApplicationContext.java:143) ~[spring-boot-web-server-4.0.4.jar:4.0.4]
	at org.springframework.boot.SpringApplication.refresh(SpringApplication.java:756) ~[spring-boot-4.0.4.jar:4.0.4]
	at org.springframework.boot.SpringApplication.refreshContext(SpringApplication.java:445) ~[spring-boot-4.0.4.jar:4.0.4]
	at org.springframework.boot.SpringApplication.run(SpringApplication.java:321) ~[spring-boot-4.0.4.jar:4.0.4]
	at org.springframework.boot.SpringApplication.run(SpringApplication.java:1365) ~[spring-boot-4.0.4.jar:4.0.4]
	at org.springframework.boot.SpringApplication.run(SpringApplication.java:1354) ~[spring-boot-4.0.4.jar:4.0.4]
	at com.accenture.projetapipizza.ProjetApiPizzaApplication.main(ProjetApiPizzaApplication.java:10) ~[classes/:na]
	at java.base/jdk.internal.reflect.DirectMethodHandleAccessor.invoke(DirectMethodHandleAccessor.java:104) ~[na:na]
	at java.base/java.lang.reflect.Method.invoke(Method.java:565) ~[na:na]
	at org.springframework.boot.devtools.restart.RestartLauncher.run(RestartLauncher.java:52) ~[spring-boot-devtools-4.0.4.jar:4.0.4]
Caused by: org.postgresql.util.PSQLException: ERROR: syntax error at or near "order"
  Position: 23
	at org.postgresql.core.v3.QueryExecutorImpl.receiveErrorResponse(QueryExecutorImpl.java:2875) ~[postgresql-42.7.10.jar:42.7.10]
	at org.postgresql.core.v3.QueryExecutorImpl.processResults(QueryExecutorImpl.java:2560) ~[postgresql-42.7.10.jar:42.7.10]
	at org.postgresql.core.v3.QueryExecutorImpl.execute(QueryExecutorImpl.java:429) ~[postgresql-42.7.10.jar:42.7.10]
	at org.postgresql.jdbc.PgStatement.executeInternal(PgStatement.java:526) ~[postgresql-42.7.10.jar:42.7.10]
	at org.postgresql.jdbc.PgStatement.execute(PgStatement.java:436) ~[postgresql-42.7.10.jar:42.7.10]
	at org.postgresql.jdbc.PgStatement.executeWithFlags(PgStatement.java:358) ~[postgresql-42.7.10.jar:42.7.10]
	at org.postgresql.jdbc.PgStatement.executeCachedSql(PgStatement.java:343) ~[postgresql-42.7.10.jar:42.7.10]
	at org.postgresql.jdbc.PgStatement.executeWithFlags(PgStatement.java:319) ~[postgresql-42.7.10.jar:42.7.10]
	at org.postgresql.jdbc.PgStatement.execute(PgStatement.java:314) ~[postgresql-42.7.10.jar:42.7.10]
	at com.zaxxer.hikari.pool.ProxyStatement.execute(ProxyStatement.java:95) ~[HikariCP-7.0.2.jar:na]
	at com.zaxxer.hikari.pool.HikariProxyStatement.execute(HikariProxyStatement.java) ~[HikariCP-7.0.2.jar:na]
	at org.hibernate.tool.schema.internal.exec.GenerationTargetToDatabase.accept(GenerationTargetToDatabase.java:76) ~[hibernate-core-7.2.7.Final.jar:7.2.7.Final]
	... 40 common frames omitted

2026-03-25T10:05:38.241+01:00  WARN 6436 --- [Projet-API-Pizza] [restartedMain] o.h.t.s.i.ExceptionHandlerLoggedImpl     : GenerationTarget encountered exception accepting command : Error executing DDL "alter table if exists order add constraint FKr3jxje8a3n0urb90w1yykoalc foreign key (orders_id) references customer" via JDBC [ERROR: syntax error at or near "order"
  Position: 23]

org.hibernate.tool.schema.spi.CommandAcceptanceException: Error executing DDL "alter table if exists order add constraint FKr3jxje8a3n0urb90w1yykoalc foreign key (orders_id) references customer" via JDBC [ERROR: syntax error at or near "order"
  Position: 23]
	at org.hibernate.tool.schema.internal.exec.GenerationTargetToDatabase.accept(GenerationTargetToDatabase.java:81) ~[hibernate-core-7.2.7.Final.jar:7.2.7.Final]
	at org.hibernate.tool.schema.internal.AbstractSchemaMigrator.applySqlString(AbstractSchemaMigrator.java:566) ~[hibernate-core-7.2.7.Final.jar:7.2.7.Final]
	at org.hibernate.tool.schema.internal.AbstractSchemaMigrator.applySqlStrings(AbstractSchemaMigrator.java:506) ~[hibernate-core-7.2.7.Final.jar:7.2.7.Final]
	at org.hibernate.tool.schema.internal.AbstractSchemaMigrator.applyForeignKeys(AbstractSchemaMigrator.java:438) ~[hibernate-core-7.2.7.Final.jar:7.2.7.Final]
	at org.hibernate.tool.schema.internal.AbstractSchemaMigrator.performMigration(AbstractSchemaMigrator.java:256) ~[hibernate-core-7.2.7.Final.jar:7.2.7.Final]
	at org.hibernate.tool.schema.internal.AbstractSchemaMigrator.doMigration(AbstractSchemaMigrator.java:96) ~[hibernate-core-7.2.7.Final.jar:7.2.7.Final]
	at org.hibernate.tool.schema.spi.SchemaManagementToolCoordinator.performDatabaseAction(SchemaManagementToolCoordinator.java:269) ~[hibernate-core-7.2.7.Final.jar:7.2.7.Final]
	at org.hibernate.tool.schema.spi.SchemaManagementToolCoordinator.lambda$process$1(SchemaManagementToolCoordinator.java:101) ~[hibernate-core-7.2.7.Final.jar:7.2.7.Final]
	at java.base/java.util.HashMap.forEach(HashMap.java:1430) ~[na:na]
	at org.hibernate.tool.schema.spi.SchemaManagementToolCoordinator.process(SchemaManagementToolCoordinator.java:100) ~[hibernate-core-7.2.7.Final.jar:7.2.7.Final]
	at org.hibernate.boot.internal.SessionFactoryObserverForSchemaExport.sessionFactoryCreated(SessionFactoryObserverForSchemaExport.java:35) ~[hibernate-core-7.2.7.Final.jar:7.2.7.Final]
	at org.hibernate.internal.SessionFactoryObserverChain.sessionFactoryCreated(SessionFactoryObserverChain.java:33) ~[hibernate-core-7.2.7.Final.jar:7.2.7.Final]
	at org.hibernate.internal.SessionFactoryImpl.<init>(SessionFactoryImpl.java:323) ~[hibernate-core-7.2.7.Final.jar:7.2.7.Final]
	at org.hibernate.internal.SessionFactoryRegistry.instantiateSessionFactory(SessionFactoryRegistry.java:64) ~[hibernate-core-7.2.7.Final.jar:7.2.7.Final]
	at org.hibernate.boot.internal.SessionFactoryBuilderImpl.build(SessionFactoryBuilderImpl.java:437) ~[hibernate-core-7.2.7.Final.jar:7.2.7.Final]
	at org.hibernate.jpa.boot.internal.EntityManagerFactoryBuilderImpl.build(EntityManagerFactoryBuilderImpl.java:1456) ~[hibernate-core-7.2.7.Final.jar:7.2.7.Final]
	at org.springframework.orm.jpa.vendor.SpringHibernateJpaPersistenceProvider.createContainerEntityManagerFactory(SpringHibernateJpaPersistenceProvider.java:93) ~[spring-orm-7.0.6.jar:7.0.6]
	at org.springframework.orm.jpa.LocalContainerEntityManagerFactoryBean.createNativeEntityManagerFactory(LocalContainerEntityManagerFactoryBean.java:443) ~[spring-orm-7.0.6.jar:7.0.6]
	at org.springframework.orm.jpa.AbstractEntityManagerFactoryBean.buildNativeEntityManagerFactory(AbstractEntityManagerFactoryBean.java:436) ~[spring-orm-7.0.6.jar:7.0.6]
	at org.springframework.orm.jpa.AbstractEntityManagerFactoryBean.afterPropertiesSet(AbstractEntityManagerFactoryBean.java:411) ~[spring-orm-7.0.6.jar:7.0.6]
	at org.springframework.orm.jpa.LocalContainerEntityManagerFactoryBean.afterPropertiesSet(LocalContainerEntityManagerFactoryBean.java:419) ~[spring-orm-7.0.6.jar:7.0.6]
	at org.springframework.beans.factory.support.AbstractAutowireCapableBeanFactory.invokeInitMethods(AbstractAutowireCapableBeanFactory.java:1864) ~[spring-beans-7.0.6.jar:7.0.6]
	at org.springframework.beans.factory.support.AbstractAutowireCapableBeanFactory.initializeBean(AbstractAutowireCapableBeanFactory.java:1813) ~[spring-beans-7.0.6.jar:7.0.6]
	at org.springframework.beans.factory.support.AbstractAutowireCapableBeanFactory.doCreateBean(AbstractAutowireCapableBeanFactory.java:603) ~[spring-beans-7.0.6.jar:7.0.6]
	at org.springframework.beans.factory.support.AbstractAutowireCapableBeanFactory.createBean(AbstractAutowireCapableBeanFactory.java:525) ~[spring-beans-7.0.6.jar:7.0.6]
	at org.springframework.beans.factory.support.AbstractBeanFactory.lambda$doGetBean$0(AbstractBeanFactory.java:333) ~[spring-beans-7.0.6.jar:7.0.6]
	at org.springframework.beans.factory.support.DefaultSingletonBeanRegistry.getSingleton(DefaultSingletonBeanRegistry.java:371) ~[spring-beans-7.0.6.jar:7.0.6]
	at org.springframework.beans.factory.support.AbstractBeanFactory.doGetBean(AbstractBeanFactory.java:331) ~[spring-beans-7.0.6.jar:7.0.6]
	at org.springframework.beans.factory.support.AbstractBeanFactory.getBean(AbstractBeanFactory.java:201) ~[spring-beans-7.0.6.jar:7.0.6]
	at org.springframework.context.support.AbstractApplicationContext.finishBeanFactoryInitialization(AbstractApplicationContext.java:977) ~[spring-context-7.0.6.jar:7.0.6]
	at org.springframework.context.support.AbstractApplicationContext.refresh(AbstractApplicationContext.java:621) ~[spring-context-7.0.6.jar:7.0.6]
	at org.springframework.boot.web.server.servlet.context.ServletWebServerApplicationContext.refresh(ServletWebServerApplicationContext.java:143) ~[spring-boot-web-server-4.0.4.jar:4.0.4]
	at org.springframework.boot.SpringApplication.refresh(SpringApplication.java:756) ~[spring-boot-4.0.4.jar:4.0.4]
	at org.springframework.boot.SpringApplication.refreshContext(SpringApplication.java:445) ~[spring-boot-4.0.4.jar:4.0.4]
	at org.springframework.boot.SpringApplication.run(SpringApplication.java:321) ~[spring-boot-4.0.4.jar:4.0.4]
	at org.springframework.boot.SpringApplication.run(SpringApplication.java:1365) ~[spring-boot-4.0.4.jar:4.0.4]
	at org.springframework.boot.SpringApplication.run(SpringApplication.java:1354) ~[spring-boot-4.0.4.jar:4.0.4]
	at com.accenture.projetapipizza.ProjetApiPizzaApplication.main(ProjetApiPizzaApplication.java:10) ~[classes/:na]
	at java.base/jdk.internal.reflect.DirectMethodHandleAccessor.invoke(DirectMethodHandleAccessor.java:104) ~[na:na]
	at java.base/java.lang.reflect.Method.invoke(Method.java:565) ~[na:na]
	at org.springframework.boot.devtools.restart.RestartLauncher.run(RestartLauncher.java:52) ~[spring-boot-devtools-4.0.4.jar:4.0.4]
Caused by: org.postgresql.util.PSQLException: ERROR: syntax error at or near "order"
  Position: 23
	at org.postgresql.core.v3.QueryExecutorImpl.receiveErrorResponse(QueryExecutorImpl.java:2875) ~[postgresql-42.7.10.jar:42.7.10]
	at org.postgresql.core.v3.QueryExecutorImpl.processResults(QueryExecutorImpl.java:2560) ~[postgresql-42.7.10.jar:42.7.10]
	at org.postgresql.core.v3.QueryExecutorImpl.execute(QueryExecutorImpl.java:429) ~[postgresql-42.7.10.jar:42.7.10]
	at org.postgresql.jdbc.PgStatement.executeInternal(PgStatement.java:526) ~[postgresql-42.7.10.jar:42.7.10]
	at org.postgresql.jdbc.PgStatement.execute(PgStatement.java:436) ~[postgresql-42.7.10.jar:42.7.10]
	at org.postgresql.jdbc.PgStatement.executeWithFlags(PgStatement.java:358) ~[postgresql-42.7.10.jar:42.7.10]
	at org.postgresql.jdbc.PgStatement.executeCachedSql(PgStatement.java:343) ~[postgresql-42.7.10.jar:42.7.10]
	at org.postgresql.jdbc.PgStatement.executeWithFlags(PgStatement.java:319) ~[postgresql-42.7.10.jar:42.7.10]
	at org.postgresql.jdbc.PgStatement.execute(PgStatement.java:314) ~[postgresql-42.7.10.jar:42.7.10]
	at com.zaxxer.hikari.pool.ProxyStatement.execute(ProxyStatement.java:95) ~[HikariCP-7.0.2.jar:na]
	at com.zaxxer.hikari.pool.HikariProxyStatement.execute(HikariProxyStatement.java) ~[HikariCP-7.0.2.jar:na]
	at org.hibernate.tool.schema.internal.exec.GenerationTargetToDatabase.accept(GenerationTargetToDatabase.java:76) ~[hibernate-core-7.2.7.Final.jar:7.2.7.Final]
	... 40 common frames omitted

2026-03-25T10:05:38.245+01:00  INFO 6436 --- [Projet-API-Pizza] [restartedMain] j.LocalContainerEntityManagerFactoryBean : Initialized JPA EntityManagerFactory for persistence unit 'default'
2026-03-25T10:05:38.311+01:00  INFO 6436 --- [Projet-API-Pizza] [restartedMain] o.s.d.j.r.query.QueryEnhancerFactories   : Hibernate is in classpath; If applicable, HQL parser will be used.
2026-03-25T10:05:38.557+01:00  WARN 6436 --- [Projet-API-Pizza] [restartedMain] JpaBaseConfiguration$JpaWebConfiguration : spring.jpa.open-in-view is enabled by default. Therefore, database queries may be performed during view rendering. Explicitly configure spring.jpa.open-in-view to disable this warning
2026-03-25T10:05:38.946+01:00  INFO 6436 --- [Projet-API-Pizza] [restartedMain] o.s.b.h.a.H2ConsoleAutoConfiguration     : H2 console available at '/h2-console'. Database available at 'jdbc:postgresql://127.0.0.1:5432/mydb'
2026-03-25T10:05:38.996+01:00  INFO 6436 --- [Projet-API-Pizza] [restartedMain] o.s.boot.tomcat.TomcatWebServer          : Tomcat started on port 9999 (http) with context path '/'
2026-03-25T10:05:39.005+01:00  INFO 6436 --- [Projet-API-Pizza] [restartedMain] c.a.p.ProjetApiPizzaApplication          : Started ProjetApiPizzaApplication in 4.905 seconds (process running for 5.792)
2026-03-25T10:05:39.008+01:00  WARN 6436 --- [Projet-API-Pizza] [restartedMain] o.s.core.events.SpringDocAppInitializer  : SpringDoc /v3/api-docs endpoint is enabled by default. To disable it in production, set the property 'springdoc.api-docs.enabled=false'
2026-03-25T10:05:39.008+01:00  WARN 6436 --- [Projet-API-Pizza] [restartedMain] o.s.core.events.SpringDocAppInitializer  : SpringDoc /swagger-ui.html endpoint is enabled by default. To disable it in production, set the property 'springdoc.swagger-ui.enabled=false'
2026-03-25T10:20:07.884+01:00  INFO 6436 --- [Projet-API-Pizza] [File Watcher] rtingClassPathChangeChangedEventListener : Restarting due to 2 class path changes (0 additions, 1 deletion, 1 modification)
2026-03-25T10:20:07.890+01:00  INFO 6436 --- [Projet-API-Pizza] [Thread-1] o.s.boot.tomcat.GracefulShutdown         : Commencing graceful shutdown. Waiting for active requests to complete
2026-03-25T10:20:07.901+01:00  INFO 6436 --- [Projet-API-Pizza] [tomcat-shutdown] o.s.boot.tomcat.GracefulShutdown         : Graceful shutdown complete
2026-03-25T10:20:07.908+01:00  INFO 6436 --- [Projet-API-Pizza] [Thread-1] j.LocalContainerEntityManagerFactoryBean : Closing JPA EntityManagerFactory for persistence unit 'default'
2026-03-25T10:20:07.912+01:00  INFO 6436 --- [Projet-API-Pizza] [Thread-1] com.zaxxer.hikari.HikariDataSource       : HikariPool-1 - Shutdown initiated...
2026-03-25T10:20:07.923+01:00  INFO 6436 --- [Projet-API-Pizza] [Thread-1] com.zaxxer.hikari.HikariDataSource       : HikariPool-1 - Shutdown completed.
2026-03-25T10:20:08.047+01:00  INFO 6436 --- [Projet-API-Pizza] [restartedMain] c.a.p.ProjetApiPizzaApplication          : Starting ProjetApiPizzaApplication using Java 25.0.2 with PID 6436 (C:\Users\celine.denis\IdeaProjects\Projet-API-Pizza\target\classes started by celine.denis in C:\Users\celine.denis\IdeaProjects\Projet-API-Pizza)
2026-03-25T10:20:08.048+01:00  INFO 6436 --- [Projet-API-Pizza] [restartedMain] c.a.p.ProjetApiPizzaApplication          : No active profile set, falling back to 1 default profile: "default"
2026-03-25T10:20:08.480+01:00  INFO 6436 --- [Projet-API-Pizza] [restartedMain] .s.d.r.c.RepositoryConfigurationDelegate : Bootstrapping Spring Data JPA repositories in DEFAULT mode.
2026-03-25T10:20:08.496+01:00  INFO 6436 --- [Projet-API-Pizza] [restartedMain] .s.d.r.c.RepositoryConfigurationDelegate : Finished Spring Data repository scanning in 14 ms. Found 2 JPA repository interfaces.
2026-03-25T10:20:08.608+01:00  INFO 6436 --- [Projet-API-Pizza] [restartedMain] o.s.boot.tomcat.TomcatWebServer          : Tomcat initialized with port 9999 (http)
2026-03-25T10:20:08.610+01:00  INFO 6436 --- [Projet-API-Pizza] [restartedMain] o.apache.catalina.core.StandardService   : Starting service [Tomcat]
2026-03-25T10:20:08.611+01:00  INFO 6436 --- [Projet-API-Pizza] [restartedMain] o.apache.catalina.core.StandardEngine    : Starting Servlet engine: [Apache Tomcat/11.0.18]
2026-03-25T10:20:08.644+01:00  INFO 6436 --- [Projet-API-Pizza] [restartedMain] b.w.c.s.WebApplicationContextInitializer : Root WebApplicationContext: initialization completed in 592 ms
2026-03-25T10:20:08.692+01:00  INFO 6436 --- [Projet-API-Pizza] [restartedMain] org.hibernate.orm.jpa                    : HHH008540: Processing PersistenceUnitInfo [name: default]
2026-03-25T10:20:08.730+01:00  INFO 6436 --- [Projet-API-Pizza] [restartedMain] o.s.o.j.p.SpringPersistenceUnitInfo      : No LoadTimeWeaver setup: ignoring JPA class transformer
2026-03-25T10:20:08.731+01:00  INFO 6436 --- [Projet-API-Pizza] [restartedMain] com.zaxxer.hikari.HikariDataSource       : HikariPool-2 - Starting...
2026-03-25T10:20:08.759+01:00  INFO 6436 --- [Projet-API-Pizza] [restartedMain] com.zaxxer.hikari.pool.HikariPool        : HikariPool-2 - Added connection org.postgresql.jdbc.PgConnection@387c8ca2
2026-03-25T10:20:08.760+01:00  INFO 6436 --- [Projet-API-Pizza] [restartedMain] com.zaxxer.hikari.HikariDataSource       : HikariPool-2 - Start completed.
2026-03-25T10:20:08.768+01:00  INFO 6436 --- [Projet-API-Pizza] [restartedMain] org.hibernate.orm.connections.pooling    : HHH10001005: Database info:
	Database JDBC URL [jdbc:postgresql://127.0.0.1:5432/mydb]
	Database driver: PostgreSQL JDBC Driver
	Database dialect: PostgreSQLDialect
	Database version: 18.3
	Default catalog/schema: mydb/public
	Autocommit mode: undefined/unknown
	Isolation level: READ_COMMITTED [default READ_COMMITTED]
	JDBC fetch size: none
	Pool: DataSourceConnectionProvider
	Minimum pool size: undefined/unknown
	Maximum pool size: undefined/unknown
2026-03-25T10:20:08.855+01:00  INFO 6436 --- [Projet-API-Pizza] [restartedMain] org.hibernate.orm.core                   : HHH000489: No JTA platform available (set 'hibernate.transaction.jta.platform' to enable JTA platform integration)
2026-03-25T10:20:08.870+01:00  WARN 6436 --- [Projet-API-Pizza] [restartedMain] o.h.t.s.i.ExceptionHandlerLoggedImpl     : GenerationTarget encountered exception accepting command : Error executing DDL "create table order (id uuid not null, order_status varchar(255) check ((order_status in ('PENDING','IN_PREPARATION','READY','DELIVERED'))), pizzas_id uuid, orders_id uuid, primary key (id))" via JDBC [ERROR: syntax error at or near "order"
  Position: 14]

org.hibernate.tool.schema.spi.CommandAcceptanceException: Error executing DDL "create table order (id uuid not null, order_status varchar(255) check ((order_status in ('PENDING','IN_PREPARATION','READY','DELIVERED'))), pizzas_id uuid, orders_id uuid, primary key (id))" via JDBC [ERROR: syntax error at or near "order"
  Position: 14]
	at org.hibernate.tool.schema.internal.exec.GenerationTargetToDatabase.accept(GenerationTargetToDatabase.java:81) ~[hibernate-core-7.2.7.Final.jar:7.2.7.Final]
	at org.hibernate.tool.schema.internal.AbstractSchemaMigrator.applySqlString(AbstractSchemaMigrator.java:566) ~[hibernate-core-7.2.7.Final.jar:7.2.7.Final]
	at org.hibernate.tool.schema.internal.AbstractSchemaMigrator.applySqlStrings(AbstractSchemaMigrator.java:506) ~[hibernate-core-7.2.7.Final.jar:7.2.7.Final]
	at org.hibernate.tool.schema.internal.AbstractSchemaMigrator.createTable(AbstractSchemaMigrator.java:305) ~[hibernate-core-7.2.7.Final.jar:7.2.7.Final]
	at org.hibernate.tool.schema.internal.GroupedSchemaMigratorImpl.performTablesMigration(GroupedSchemaMigratorImpl.java:80) ~[hibernate-core-7.2.7.Final.jar:7.2.7.Final]
	at org.hibernate.tool.schema.internal.AbstractSchemaMigrator.performMigration(AbstractSchemaMigrator.java:220) ~[hibernate-core-7.2.7.Final.jar:7.2.7.Final]
	at org.hibernate.tool.schema.internal.AbstractSchemaMigrator.doMigration(AbstractSchemaMigrator.java:96) ~[hibernate-core-7.2.7.Final.jar:7.2.7.Final]
	at org.hibernate.tool.schema.spi.SchemaManagementToolCoordinator.performDatabaseAction(SchemaManagementToolCoordinator.java:269) ~[hibernate-core-7.2.7.Final.jar:7.2.7.Final]
	at org.hibernate.tool.schema.spi.SchemaManagementToolCoordinator.lambda$process$1(SchemaManagementToolCoordinator.java:101) ~[hibernate-core-7.2.7.Final.jar:7.2.7.Final]
	at java.base/java.util.HashMap.forEach(HashMap.java:1430) ~[na:na]
	at org.hibernate.tool.schema.spi.SchemaManagementToolCoordinator.process(SchemaManagementToolCoordinator.java:100) ~[hibernate-core-7.2.7.Final.jar:7.2.7.Final]
	at org.hibernate.boot.internal.SessionFactoryObserverForSchemaExport.sessionFactoryCreated(SessionFactoryObserverForSchemaExport.java:35) ~[hibernate-core-7.2.7.Final.jar:7.2.7.Final]
	at org.hibernate.internal.SessionFactoryObserverChain.sessionFactoryCreated(SessionFactoryObserverChain.java:33) ~[hibernate-core-7.2.7.Final.jar:7.2.7.Final]
	at org.hibernate.internal.SessionFactoryImpl.<init>(SessionFactoryImpl.java:323) ~[hibernate-core-7.2.7.Final.jar:7.2.7.Final]
	at org.hibernate.internal.SessionFactoryRegistry.instantiateSessionFactory(SessionFactoryRegistry.java:64) ~[hibernate-core-7.2.7.Final.jar:7.2.7.Final]
	at org.hibernate.boot.internal.SessionFactoryBuilderImpl.build(SessionFactoryBuilderImpl.java:437) ~[hibernate-core-7.2.7.Final.jar:7.2.7.Final]
	at org.hibernate.jpa.boot.internal.EntityManagerFactoryBuilderImpl.build(EntityManagerFactoryBuilderImpl.java:1456) ~[hibernate-core-7.2.7.Final.jar:7.2.7.Final]
	at org.springframework.orm.jpa.vendor.SpringHibernateJpaPersistenceProvider.createContainerEntityManagerFactory(SpringHibernateJpaPersistenceProvider.java:93) ~[spring-orm-7.0.6.jar:7.0.6]
	at org.springframework.orm.jpa.LocalContainerEntityManagerFactoryBean.createNativeEntityManagerFactory(LocalContainerEntityManagerFactoryBean.java:443) ~[spring-orm-7.0.6.jar:7.0.6]
	at org.springframework.orm.jpa.AbstractEntityManagerFactoryBean.buildNativeEntityManagerFactory(AbstractEntityManagerFactoryBean.java:436) ~[spring-orm-7.0.6.jar:7.0.6]
	at org.springframework.orm.jpa.AbstractEntityManagerFactoryBean.afterPropertiesSet(AbstractEntityManagerFactoryBean.java:411) ~[spring-orm-7.0.6.jar:7.0.6]
	at org.springframework.orm.jpa.LocalContainerEntityManagerFactoryBean.afterPropertiesSet(LocalContainerEntityManagerFactoryBean.java:419) ~[spring-orm-7.0.6.jar:7.0.6]
	at org.springframework.beans.factory.support.AbstractAutowireCapableBeanFactory.invokeInitMethods(AbstractAutowireCapableBeanFactory.java:1864) ~[spring-beans-7.0.6.jar:7.0.6]
	at org.springframework.beans.factory.support.AbstractAutowireCapableBeanFactory.initializeBean(AbstractAutowireCapableBeanFactory.java:1813) ~[spring-beans-7.0.6.jar:7.0.6]
	at org.springframework.beans.factory.support.AbstractAutowireCapableBeanFactory.doCreateBean(AbstractAutowireCapableBeanFactory.java:603) ~[spring-beans-7.0.6.jar:7.0.6]
	at org.springframework.beans.factory.support.AbstractAutowireCapableBeanFactory.createBean(AbstractAutowireCapableBeanFactory.java:525) ~[spring-beans-7.0.6.jar:7.0.6]
	at org.springframework.beans.factory.support.AbstractBeanFactory.lambda$doGetBean$0(AbstractBeanFactory.java:333) ~[spring-beans-7.0.6.jar:7.0.6]
	at org.springframework.beans.factory.support.DefaultSingletonBeanRegistry.getSingleton(DefaultSingletonBeanRegistry.java:371) ~[spring-beans-7.0.6.jar:7.0.6]
	at org.springframework.beans.factory.support.AbstractBeanFactory.doGetBean(AbstractBeanFactory.java:331) ~[spring-beans-7.0.6.jar:7.0.6]
	at org.springframework.beans.factory.support.AbstractBeanFactory.getBean(AbstractBeanFactory.java:201) ~[spring-beans-7.0.6.jar:7.0.6]
	at org.springframework.context.support.AbstractApplicationContext.finishBeanFactoryInitialization(AbstractApplicationContext.java:977) ~[spring-context-7.0.6.jar:7.0.6]
	at org.springframework.context.support.AbstractApplicationContext.refresh(AbstractApplicationContext.java:621) ~[spring-context-7.0.6.jar:7.0.6]
	at org.springframework.boot.web.server.servlet.context.ServletWebServerApplicationContext.refresh(ServletWebServerApplicationContext.java:143) ~[spring-boot-web-server-4.0.4.jar:4.0.4]
	at org.springframework.boot.SpringApplication.refresh(SpringApplication.java:756) ~[spring-boot-4.0.4.jar:4.0.4]
	at org.springframework.boot.SpringApplication.refreshContext(SpringApplication.java:445) ~[spring-boot-4.0.4.jar:4.0.4]
	at org.springframework.boot.SpringApplication.run(SpringApplication.java:321) ~[spring-boot-4.0.4.jar:4.0.4]
	at org.springframework.boot.SpringApplication.run(SpringApplication.java:1365) ~[spring-boot-4.0.4.jar:4.0.4]
	at org.springframework.boot.SpringApplication.run(SpringApplication.java:1354) ~[spring-boot-4.0.4.jar:4.0.4]
	at com.accenture.projetapipizza.ProjetApiPizzaApplication.main(ProjetApiPizzaApplication.java:10) ~[classes/:na]
	at java.base/jdk.internal.reflect.DirectMethodHandleAccessor.invoke(DirectMethodHandleAccessor.java:104) ~[na:na]
	at java.base/java.lang.reflect.Method.invoke(Method.java:565) ~[na:na]
	at org.springframework.boot.devtools.restart.RestartLauncher.run(RestartLauncher.java:52) ~[spring-boot-devtools-4.0.4.jar:4.0.4]
Caused by: org.postgresql.util.PSQLException: ERROR: syntax error at or near "order"
  Position: 14
	at org.postgresql.core.v3.QueryExecutorImpl.receiveErrorResponse(QueryExecutorImpl.java:2875) ~[postgresql-42.7.10.jar:42.7.10]
	at org.postgresql.core.v3.QueryExecutorImpl.processResults(QueryExecutorImpl.java:2560) ~[postgresql-42.7.10.jar:42.7.10]
	at org.postgresql.core.v3.QueryExecutorImpl.execute(QueryExecutorImpl.java:429) ~[postgresql-42.7.10.jar:42.7.10]
	at org.postgresql.jdbc.PgStatement.executeInternal(PgStatement.java:526) ~[postgresql-42.7.10.jar:42.7.10]
	at org.postgresql.jdbc.PgStatement.execute(PgStatement.java:436) ~[postgresql-42.7.10.jar:42.7.10]
	at org.postgresql.jdbc.PgStatement.executeWithFlags(PgStatement.java:358) ~[postgresql-42.7.10.jar:42.7.10]
	at org.postgresql.jdbc.PgStatement.executeCachedSql(PgStatement.java:343) ~[postgresql-42.7.10.jar:42.7.10]
	at org.postgresql.jdbc.PgStatement.executeWithFlags(PgStatement.java:319) ~[postgresql-42.7.10.jar:42.7.10]
	at org.postgresql.jdbc.PgStatement.execute(PgStatement.java:314) ~[postgresql-42.7.10.jar:42.7.10]
	at com.zaxxer.hikari.pool.ProxyStatement.execute(ProxyStatement.java:95) ~[HikariCP-7.0.2.jar:na]
	at com.zaxxer.hikari.pool.HikariProxyStatement.execute(HikariProxyStatement.java) ~[HikariCP-7.0.2.jar:na]
	at org.hibernate.tool.schema.internal.exec.GenerationTargetToDatabase.accept(GenerationTargetToDatabase.java:76) ~[hibernate-core-7.2.7.Final.jar:7.2.7.Final]
	... 41 common frames omitted

2026-03-25T10:20:08.901+01:00  WARN 6436 --- [Projet-API-Pizza] [restartedMain] o.h.t.s.i.ExceptionHandlerLoggedImpl     : GenerationTarget encountered exception accepting command : Error executing DDL "alter table if exists order add constraint FK2s2o4pp0aypkituqk2ojbhrvv foreign key (pizzas_id) references pizza" via JDBC [ERROR: syntax error at or near "order"
  Position: 23]

org.hibernate.tool.schema.spi.CommandAcceptanceException: Error executing DDL "alter table if exists order add constraint FK2s2o4pp0aypkituqk2ojbhrvv foreign key (pizzas_id) references pizza" via JDBC [ERROR: syntax error at or near "order"
  Position: 23]
	at org.hibernate.tool.schema.internal.exec.GenerationTargetToDatabase.accept(GenerationTargetToDatabase.java:81) ~[hibernate-core-7.2.7.Final.jar:7.2.7.Final]
	at org.hibernate.tool.schema.internal.AbstractSchemaMigrator.applySqlString(AbstractSchemaMigrator.java:566) ~[hibernate-core-7.2.7.Final.jar:7.2.7.Final]
	at org.hibernate.tool.schema.internal.AbstractSchemaMigrator.applySqlStrings(AbstractSchemaMigrator.java:506) ~[hibernate-core-7.2.7.Final.jar:7.2.7.Final]
	at org.hibernate.tool.schema.internal.AbstractSchemaMigrator.applyForeignKeys(AbstractSchemaMigrator.java:438) ~[hibernate-core-7.2.7.Final.jar:7.2.7.Final]
	at org.hibernate.tool.schema.internal.AbstractSchemaMigrator.performMigration(AbstractSchemaMigrator.java:256) ~[hibernate-core-7.2.7.Final.jar:7.2.7.Final]
	at org.hibernate.tool.schema.internal.AbstractSchemaMigrator.doMigration(AbstractSchemaMigrator.java:96) ~[hibernate-core-7.2.7.Final.jar:7.2.7.Final]
	at org.hibernate.tool.schema.spi.SchemaManagementToolCoordinator.performDatabaseAction(SchemaManagementToolCoordinator.java:269) ~[hibernate-core-7.2.7.Final.jar:7.2.7.Final]
	at org.hibernate.tool.schema.spi.SchemaManagementToolCoordinator.lambda$process$1(SchemaManagementToolCoordinator.java:101) ~[hibernate-core-7.2.7.Final.jar:7.2.7.Final]
	at java.base/java.util.HashMap.forEach(HashMap.java:1430) ~[na:na]
	at org.hibernate.tool.schema.spi.SchemaManagementToolCoordinator.process(SchemaManagementToolCoordinator.java:100) ~[hibernate-core-7.2.7.Final.jar:7.2.7.Final]
	at org.hibernate.boot.internal.SessionFactoryObserverForSchemaExport.sessionFactoryCreated(SessionFactoryObserverForSchemaExport.java:35) ~[hibernate-core-7.2.7.Final.jar:7.2.7.Final]
	at org.hibernate.internal.SessionFactoryObserverChain.sessionFactoryCreated(SessionFactoryObserverChain.java:33) ~[hibernate-core-7.2.7.Final.jar:7.2.7.Final]
	at org.hibernate.internal.SessionFactoryImpl.<init>(SessionFactoryImpl.java:323) ~[hibernate-core-7.2.7.Final.jar:7.2.7.Final]
	at org.hibernate.internal.SessionFactoryRegistry.instantiateSessionFactory(SessionFactoryRegistry.java:64) ~[hibernate-core-7.2.7.Final.jar:7.2.7.Final]
	at org.hibernate.boot.internal.SessionFactoryBuilderImpl.build(SessionFactoryBuilderImpl.java:437) ~[hibernate-core-7.2.7.Final.jar:7.2.7.Final]
	at org.hibernate.jpa.boot.internal.EntityManagerFactoryBuilderImpl.build(EntityManagerFactoryBuilderImpl.java:1456) ~[hibernate-core-7.2.7.Final.jar:7.2.7.Final]
	at org.springframework.orm.jpa.vendor.SpringHibernateJpaPersistenceProvider.createContainerEntityManagerFactory(SpringHibernateJpaPersistenceProvider.java:93) ~[spring-orm-7.0.6.jar:7.0.6]
	at org.springframework.orm.jpa.LocalContainerEntityManagerFactoryBean.createNativeEntityManagerFactory(LocalContainerEntityManagerFactoryBean.java:443) ~[spring-orm-7.0.6.jar:7.0.6]
	at org.springframework.orm.jpa.AbstractEntityManagerFactoryBean.buildNativeEntityManagerFactory(AbstractEntityManagerFactoryBean.java:436) ~[spring-orm-7.0.6.jar:7.0.6]
	at org.springframework.orm.jpa.AbstractEntityManagerFactoryBean.afterPropertiesSet(AbstractEntityManagerFactoryBean.java:411) ~[spring-orm-7.0.6.jar:7.0.6]
	at org.springframework.orm.jpa.LocalContainerEntityManagerFactoryBean.afterPropertiesSet(LocalContainerEntityManagerFactoryBean.java:419) ~[spring-orm-7.0.6.jar:7.0.6]
	at org.springframework.beans.factory.support.AbstractAutowireCapableBeanFactory.invokeInitMethods(AbstractAutowireCapableBeanFactory.java:1864) ~[spring-beans-7.0.6.jar:7.0.6]
	at org.springframework.beans.factory.support.AbstractAutowireCapableBeanFactory.initializeBean(AbstractAutowireCapableBeanFactory.java:1813) ~[spring-beans-7.0.6.jar:7.0.6]
	at org.springframework.beans.factory.support.AbstractAutowireCapableBeanFactory.doCreateBean(AbstractAutowireCapableBeanFactory.java:603) ~[spring-beans-7.0.6.jar:7.0.6]
	at org.springframework.beans.factory.support.AbstractAutowireCapableBeanFactory.createBean(AbstractAutowireCapableBeanFactory.java:525) ~[spring-beans-7.0.6.jar:7.0.6]
	at org.springframework.beans.factory.support.AbstractBeanFactory.lambda$doGetBean$0(AbstractBeanFactory.java:333) ~[spring-beans-7.0.6.jar:7.0.6]
	at org.springframework.beans.factory.support.DefaultSingletonBeanRegistry.getSingleton(DefaultSingletonBeanRegistry.java:371) ~[spring-beans-7.0.6.jar:7.0.6]
	at org.springframework.beans.factory.support.AbstractBeanFactory.doGetBean(AbstractBeanFactory.java:331) ~[spring-beans-7.0.6.jar:7.0.6]
	at org.springframework.beans.factory.support.AbstractBeanFactory.getBean(AbstractBeanFactory.java:201) ~[spring-beans-7.0.6.jar:7.0.6]
	at org.springframework.context.support.AbstractApplicationContext.finishBeanFactoryInitialization(AbstractApplicationContext.java:977) ~[spring-context-7.0.6.jar:7.0.6]
	at org.springframework.context.support.AbstractApplicationContext.refresh(AbstractApplicationContext.java:621) ~[spring-context-7.0.6.jar:7.0.6]
	at org.springframework.boot.web.server.servlet.context.ServletWebServerApplicationContext.refresh(ServletWebServerApplicationContext.java:143) ~[spring-boot-web-server-4.0.4.jar:4.0.4]
	at org.springframework.boot.SpringApplication.refresh(SpringApplication.java:756) ~[spring-boot-4.0.4.jar:4.0.4]
	at org.springframework.boot.SpringApplication.refreshContext(SpringApplication.java:445) ~[spring-boot-4.0.4.jar:4.0.4]
	at org.springframework.boot.SpringApplication.run(SpringApplication.java:321) ~[spring-boot-4.0.4.jar:4.0.4]
	at org.springframework.boot.SpringApplication.run(SpringApplication.java:1365) ~[spring-boot-4.0.4.jar:4.0.4]
	at org.springframework.boot.SpringApplication.run(SpringApplication.java:1354) ~[spring-boot-4.0.4.jar:4.0.4]
	at com.accenture.projetapipizza.ProjetApiPizzaApplication.main(ProjetApiPizzaApplication.java:10) ~[classes/:na]
	at java.base/jdk.internal.reflect.DirectMethodHandleAccessor.invoke(DirectMethodHandleAccessor.java:104) ~[na:na]
	at java.base/java.lang.reflect.Method.invoke(Method.java:565) ~[na:na]
	at org.springframework.boot.devtools.restart.RestartLauncher.run(RestartLauncher.java:52) ~[spring-boot-devtools-4.0.4.jar:4.0.4]
Caused by: org.postgresql.util.PSQLException: ERROR: syntax error at or near "order"
  Position: 23
	at org.postgresql.core.v3.QueryExecutorImpl.receiveErrorResponse(QueryExecutorImpl.java:2875) ~[postgresql-42.7.10.jar:42.7.10]
	at org.postgresql.core.v3.QueryExecutorImpl.processResults(QueryExecutorImpl.java:2560) ~[postgresql-42.7.10.jar:42.7.10]
	at org.postgresql.core.v3.QueryExecutorImpl.execute(QueryExecutorImpl.java:429) ~[postgresql-42.7.10.jar:42.7.10]
	at org.postgresql.jdbc.PgStatement.executeInternal(PgStatement.java:526) ~[postgresql-42.7.10.jar:42.7.10]
	at org.postgresql.jdbc.PgStatement.execute(PgStatement.java:436) ~[postgresql-42.7.10.jar:42.7.10]
	at org.postgresql.jdbc.PgStatement.executeWithFlags(PgStatement.java:358) ~[postgresql-42.7.10.jar:42.7.10]
	at org.postgresql.jdbc.PgStatement.executeCachedSql(PgStatement.java:343) ~[postgresql-42.7.10.jar:42.7.10]
	at org.postgresql.jdbc.PgStatement.executeWithFlags(PgStatement.java:319) ~[postgresql-42.7.10.jar:42.7.10]
	at org.postgresql.jdbc.PgStatement.execute(PgStatement.java:314) ~[postgresql-42.7.10.jar:42.7.10]
	at com.zaxxer.hikari.pool.ProxyStatement.execute(ProxyStatement.java:95) ~[HikariCP-7.0.2.jar:na]
	at com.zaxxer.hikari.pool.HikariProxyStatement.execute(HikariProxyStatement.java) ~[HikariCP-7.0.2.jar:na]
	at org.hibernate.tool.schema.internal.exec.GenerationTargetToDatabase.accept(GenerationTargetToDatabase.java:76) ~[hibernate-core-7.2.7.Final.jar:7.2.7.Final]
	... 40 common frames omitted

2026-03-25T10:20:08.909+01:00  WARN 6436 --- [Projet-API-Pizza] [restartedMain] o.h.t.s.i.ExceptionHandlerLoggedImpl     : GenerationTarget encountered exception accepting command : Error executing DDL "alter table if exists order add constraint FKr3jxje8a3n0urb90w1yykoalc foreign key (orders_id) references customer" via JDBC [ERROR: syntax error at or near "order"
  Position: 23]

org.hibernate.tool.schema.spi.CommandAcceptanceException: Error executing DDL "alter table if exists order add constraint FKr3jxje8a3n0urb90w1yykoalc foreign key (orders_id) references customer" via JDBC [ERROR: syntax error at or near "order"
  Position: 23]
	at org.hibernate.tool.schema.internal.exec.GenerationTargetToDatabase.accept(GenerationTargetToDatabase.java:81) ~[hibernate-core-7.2.7.Final.jar:7.2.7.Final]
	at org.hibernate.tool.schema.internal.AbstractSchemaMigrator.applySqlString(AbstractSchemaMigrator.java:566) ~[hibernate-core-7.2.7.Final.jar:7.2.7.Final]
	at org.hibernate.tool.schema.internal.AbstractSchemaMigrator.applySqlStrings(AbstractSchemaMigrator.java:506) ~[hibernate-core-7.2.7.Final.jar:7.2.7.Final]
	at org.hibernate.tool.schema.internal.AbstractSchemaMigrator.applyForeignKeys(AbstractSchemaMigrator.java:438) ~[hibernate-core-7.2.7.Final.jar:7.2.7.Final]
	at org.hibernate.tool.schema.internal.AbstractSchemaMigrator.performMigration(AbstractSchemaMigrator.java:256) ~[hibernate-core-7.2.7.Final.jar:7.2.7.Final]
	at org.hibernate.tool.schema.internal.AbstractSchemaMigrator.doMigration(AbstractSchemaMigrator.java:96) ~[hibernate-core-7.2.7.Final.jar:7.2.7.Final]
	at org.hibernate.tool.schema.spi.SchemaManagementToolCoordinator.performDatabaseAction(SchemaManagementToolCoordinator.java:269) ~[hibernate-core-7.2.7.Final.jar:7.2.7.Final]
	at org.hibernate.tool.schema.spi.SchemaManagementToolCoordinator.lambda$process$1(SchemaManagementToolCoordinator.java:101) ~[hibernate-core-7.2.7.Final.jar:7.2.7.Final]
	at java.base/java.util.HashMap.forEach(HashMap.java:1430) ~[na:na]
	at org.hibernate.tool.schema.spi.SchemaManagementToolCoordinator.process(SchemaManagementToolCoordinator.java:100) ~[hibernate-core-7.2.7.Final.jar:7.2.7.Final]
	at org.hibernate.boot.internal.SessionFactoryObserverForSchemaExport.sessionFactoryCreated(SessionFactoryObserverForSchemaExport.java:35) ~[hibernate-core-7.2.7.Final.jar:7.2.7.Final]
	at org.hibernate.internal.SessionFactoryObserverChain.sessionFactoryCreated(SessionFactoryObserverChain.java:33) ~[hibernate-core-7.2.7.Final.jar:7.2.7.Final]
	at org.hibernate.internal.SessionFactoryImpl.<init>(SessionFactoryImpl.java:323) ~[hibernate-core-7.2.7.Final.jar:7.2.7.Final]
	at org.hibernate.internal.SessionFactoryRegistry.instantiateSessionFactory(SessionFactoryRegistry.java:64) ~[hibernate-core-7.2.7.Final.jar:7.2.7.Final]
	at org.hibernate.boot.internal.SessionFactoryBuilderImpl.build(SessionFactoryBuilderImpl.java:437) ~[hibernate-core-7.2.7.Final.jar:7.2.7.Final]
	at org.hibernate.jpa.boot.internal.EntityManagerFactoryBuilderImpl.build(EntityManagerFactoryBuilderImpl.java:1456) ~[hibernate-core-7.2.7.Final.jar:7.2.7.Final]
	at org.springframework.orm.jpa.vendor.SpringHibernateJpaPersistenceProvider.createContainerEntityManagerFactory(SpringHibernateJpaPersistenceProvider.java:93) ~[spring-orm-7.0.6.jar:7.0.6]
	at org.springframework.orm.jpa.LocalContainerEntityManagerFactoryBean.createNativeEntityManagerFactory(LocalContainerEntityManagerFactoryBean.java:443) ~[spring-orm-7.0.6.jar:7.0.6]
	at org.springframework.orm.jpa.AbstractEntityManagerFactoryBean.buildNativeEntityManagerFactory(AbstractEntityManagerFactoryBean.java:436) ~[spring-orm-7.0.6.jar:7.0.6]
	at org.springframework.orm.jpa.AbstractEntityManagerFactoryBean.afterPropertiesSet(AbstractEntityManagerFactoryBean.java:411) ~[spring-orm-7.0.6.jar:7.0.6]
	at org.springframework.orm.jpa.LocalContainerEntityManagerFactoryBean.afterPropertiesSet(LocalContainerEntityManagerFactoryBean.java:419) ~[spring-orm-7.0.6.jar:7.0.6]
	at org.springframework.beans.factory.support.AbstractAutowireCapableBeanFactory.invokeInitMethods(AbstractAutowireCapableBeanFactory.java:1864) ~[spring-beans-7.0.6.jar:7.0.6]
	at org.springframework.beans.factory.support.AbstractAutowireCapableBeanFactory.initializeBean(AbstractAutowireCapableBeanFactory.java:1813) ~[spring-beans-7.0.6.jar:7.0.6]
	at org.springframework.beans.factory.support.AbstractAutowireCapableBeanFactory.doCreateBean(AbstractAutowireCapableBeanFactory.java:603) ~[spring-beans-7.0.6.jar:7.0.6]
	at org.springframework.beans.factory.support.AbstractAutowireCapableBeanFactory.createBean(AbstractAutowireCapableBeanFactory.java:525) ~[spring-beans-7.0.6.jar:7.0.6]
	at org.springframework.beans.factory.support.AbstractBeanFactory.lambda$doGetBean$0(AbstractBeanFactory.java:333) ~[spring-beans-7.0.6.jar:7.0.6]
	at org.springframework.beans.factory.support.DefaultSingletonBeanRegistry.getSingleton(DefaultSingletonBeanRegistry.java:371) ~[spring-beans-7.0.6.jar:7.0.6]
	at org.springframework.beans.factory.support.AbstractBeanFactory.doGetBean(AbstractBeanFactory.java:331) ~[spring-beans-7.0.6.jar:7.0.6]
	at org.springframework.beans.factory.support.AbstractBeanFactory.getBean(AbstractBeanFactory.java:201) ~[spring-beans-7.0.6.jar:7.0.6]
	at org.springframework.context.support.AbstractApplicationContext.finishBeanFactoryInitialization(AbstractApplicationContext.java:977) ~[spring-context-7.0.6.jar:7.0.6]
	at org.springframework.context.support.AbstractApplicationContext.refresh(AbstractApplicationContext.java:621) ~[spring-context-7.0.6.jar:7.0.6]
	at org.springframework.boot.web.server.servlet.context.ServletWebServerApplicationContext.refresh(ServletWebServerApplicationContext.java:143) ~[spring-boot-web-server-4.0.4.jar:4.0.4]
	at org.springframework.boot.SpringApplication.refresh(SpringApplication.java:756) ~[spring-boot-4.0.4.jar:4.0.4]
	at org.springframework.boot.SpringApplication.refreshContext(SpringApplication.java:445) ~[spring-boot-4.0.4.jar:4.0.4]
	at org.springframework.boot.SpringApplication.run(SpringApplication.java:321) ~[spring-boot-4.0.4.jar:4.0.4]
	at org.springframework.boot.SpringApplication.run(SpringApplication.java:1365) ~[spring-boot-4.0.4.jar:4.0.4]
	at org.springframework.boot.SpringApplication.run(SpringApplication.java:1354) ~[spring-boot-4.0.4.jar:4.0.4]
	at com.accenture.projetapipizza.ProjetApiPizzaApplication.main(ProjetApiPizzaApplication.java:10) ~[classes/:na]
	at java.base/jdk.internal.reflect.DirectMethodHandleAccessor.invoke(DirectMethodHandleAccessor.java:104) ~[na:na]
	at java.base/java.lang.reflect.Method.invoke(Method.java:565) ~[na:na]
	at org.springframework.boot.devtools.restart.RestartLauncher.run(RestartLauncher.java:52) ~[spring-boot-devtools-4.0.4.jar:4.0.4]
Caused by: org.postgresql.util.PSQLException: ERROR: syntax error at or near "order"
  Position: 23
	at org.postgresql.core.v3.QueryExecutorImpl.receiveErrorResponse(QueryExecutorImpl.java:2875) ~[postgresql-42.7.10.jar:42.7.10]
	at org.postgresql.core.v3.QueryExecutorImpl.processResults(QueryExecutorImpl.java:2560) ~[postgresql-42.7.10.jar:42.7.10]
	at org.postgresql.core.v3.QueryExecutorImpl.execute(QueryExecutorImpl.java:429) ~[postgresql-42.7.10.jar:42.7.10]
	at org.postgresql.jdbc.PgStatement.executeInternal(PgStatement.java:526) ~[postgresql-42.7.10.jar:42.7.10]
	at org.postgresql.jdbc.PgStatement.execute(PgStatement.java:436) ~[postgresql-42.7.10.jar:42.7.10]
	at org.postgresql.jdbc.PgStatement.executeWithFlags(PgStatement.java:358) ~[postgresql-42.7.10.jar:42.7.10]
	at org.postgresql.jdbc.PgStatement.executeCachedSql(PgStatement.java:343) ~[postgresql-42.7.10.jar:42.7.10]
	at org.postgresql.jdbc.PgStatement.executeWithFlags(PgStatement.java:319) ~[postgresql-42.7.10.jar:42.7.10]
	at org.postgresql.jdbc.PgStatement.execute(PgStatement.java:314) ~[postgresql-42.7.10.jar:42.7.10]
	at com.zaxxer.hikari.pool.ProxyStatement.execute(ProxyStatement.java:95) ~[HikariCP-7.0.2.jar:na]
	at com.zaxxer.hikari.pool.HikariProxyStatement.execute(HikariProxyStatement.java) ~[HikariCP-7.0.2.jar:na]
	at org.hibernate.tool.schema.internal.exec.GenerationTargetToDatabase.accept(GenerationTargetToDatabase.java:76) ~[hibernate-core-7.2.7.Final.jar:7.2.7.Final]
	... 40 common frames omitted

2026-03-25T10:20:08.915+01:00  INFO 6436 --- [Projet-API-Pizza] [restartedMain] j.LocalContainerEntityManagerFactoryBean : Initialized JPA EntityManagerFactory for persistence unit 'default'
2026-03-25T10:20:09.048+01:00  WARN 6436 --- [Projet-API-Pizza] [restartedMain] JpaBaseConfiguration$JpaWebConfiguration : spring.jpa.open-in-view is enabled by default. Therefore, database queries may be performed during view rendering. Explicitly configure spring.jpa.open-in-view to disable this warning
2026-03-25T10:20:09.208+01:00  INFO 6436 --- [Projet-API-Pizza] [restartedMain] o.s.b.h.a.H2ConsoleAutoConfiguration     : H2 console available at '/h2-console'. Database available at 'jdbc:postgresql://127.0.0.1:5432/mydb'
2026-03-25T10:20:09.231+01:00  INFO 6436 --- [Projet-API-Pizza] [restartedMain] o.s.boot.tomcat.TomcatWebServer          : Tomcat started on port 9999 (http) with context path '/'
2026-03-25T10:20:09.234+01:00  INFO 6436 --- [Projet-API-Pizza] [restartedMain] c.a.p.ProjetApiPizzaApplication          : Started ProjetApiPizzaApplication in 1.229 seconds (process running for 876.024)
2026-03-25T10:20:09.235+01:00  WARN 6436 --- [Projet-API-Pizza] [restartedMain] o.s.core.events.SpringDocAppInitializer  : SpringDoc /v3/api-docs endpoint is enabled by default. To disable it in production, set the property 'springdoc.api-docs.enabled=false'
2026-03-25T10:20:09.235+01:00  WARN 6436 --- [Projet-API-Pizza] [restartedMain] o.s.core.events.SpringDocAppInitializer  : SpringDoc /swagger-ui.html endpoint is enabled by default. To disable it in production, set the property 'springdoc.swagger-ui.enabled=false'
2026-03-25T10:20:09.236+01:00  INFO 6436 --- [Projet-API-Pizza] [restartedMain] .ConditionEvaluationDeltaLoggingListener : Condition evaluation unchanged
2026-03-25T10:20:11.675+01:00  INFO 6436 --- [Projet-API-Pizza] [File Watcher] rtingClassPathChangeChangedEventListener : Restarting due to 1 class path change (1 addition, 0 deletions, 0 modifications)
2026-03-25T10:20:11.678+01:00  INFO 6436 --- [Projet-API-Pizza] [Thread-5] o.s.boot.tomcat.GracefulShutdown         : Commencing graceful shutdown. Waiting for active requests to complete
2026-03-25T10:20:11.686+01:00  INFO 6436 --- [Projet-API-Pizza] [tomcat-shutdown] o.s.boot.tomcat.GracefulShutdown         : Graceful shutdown complete
2026-03-25T10:20:11.690+01:00  INFO 6436 --- [Projet-API-Pizza] [Thread-5] j.LocalContainerEntityManagerFactoryBean : Closing JPA EntityManagerFactory for persistence unit 'default'
2026-03-25T10:20:11.692+01:00  INFO 6436 --- [Projet-API-Pizza] [Thread-5] com.zaxxer.hikari.HikariDataSource       : HikariPool-2 - Shutdown initiated...
2026-03-25T10:20:11.716+01:00  INFO 6436 --- [Projet-API-Pizza] [Thread-5] com.zaxxer.hikari.HikariDataSource       : HikariPool-2 - Shutdown completed.
2026-03-25T10:20:11.799+01:00  INFO 6436 --- [Projet-API-Pizza] [restartedMain] c.a.p.ProjetApiPizzaApplication          : Starting ProjetApiPizzaApplication using Java 25.0.2 with PID 6436 (C:\Users\celine.denis\IdeaProjects\Projet-API-Pizza\target\classes started by celine.denis in C:\Users\celine.denis\IdeaProjects\Projet-API-Pizza)
2026-03-25T10:20:11.799+01:00  INFO 6436 --- [Projet-API-Pizza] [restartedMain] c.a.p.ProjetApiPizzaApplication          : No active profile set, falling back to 1 default profile: "default"
2026-03-25T10:20:12.100+01:00  INFO 6436 --- [Projet-API-Pizza] [restartedMain] .s.d.r.c.RepositoryConfigurationDelegate : Bootstrapping Spring Data JPA repositories in DEFAULT mode.
2026-03-25T10:20:12.114+01:00  INFO 6436 --- [Projet-API-Pizza] [restartedMain] .s.d.r.c.RepositoryConfigurationDelegate : Finished Spring Data repository scanning in 12 ms. Found 2 JPA repository interfaces.
2026-03-25T10:20:12.169+01:00  INFO 6436 --- [Projet-API-Pizza] [restartedMain] o.s.boot.tomcat.TomcatWebServer          : Tomcat initialized with port 9999 (http)
2026-03-25T10:20:12.170+01:00  INFO 6436 --- [Projet-API-Pizza] [restartedMain] o.apache.catalina.core.StandardService   : Starting service [Tomcat]
2026-03-25T10:20:12.170+01:00  INFO 6436 --- [Projet-API-Pizza] [restartedMain] o.apache.catalina.core.StandardEngine    : Starting Servlet engine: [Apache Tomcat/11.0.18]
2026-03-25T10:20:12.202+01:00  INFO 6436 --- [Projet-API-Pizza] [restartedMain] b.w.c.s.WebApplicationContextInitializer : Root WebApplicationContext: initialization completed in 401 ms
2026-03-25T10:20:12.227+01:00  INFO 6436 --- [Projet-API-Pizza] [restartedMain] org.hibernate.orm.jpa                    : HHH008540: Processing PersistenceUnitInfo [name: default]
2026-03-25T10:20:12.251+01:00  INFO 6436 --- [Projet-API-Pizza] [restartedMain] o.s.o.j.p.SpringPersistenceUnitInfo      : No LoadTimeWeaver setup: ignoring JPA class transformer
2026-03-25T10:20:12.252+01:00  INFO 6436 --- [Projet-API-Pizza] [restartedMain] com.zaxxer.hikari.HikariDataSource       : HikariPool-3 - Starting...
2026-03-25T10:20:12.274+01:00  INFO 6436 --- [Projet-API-Pizza] [restartedMain] com.zaxxer.hikari.pool.HikariPool        : HikariPool-3 - Added connection org.postgresql.jdbc.PgConnection@5c6af5b2
2026-03-25T10:20:12.274+01:00  INFO 6436 --- [Projet-API-Pizza] [restartedMain] com.zaxxer.hikari.HikariDataSource       : HikariPool-3 - Start completed.
2026-03-25T10:20:12.280+01:00  INFO 6436 --- [Projet-API-Pizza] [restartedMain] org.hibernate.orm.connections.pooling    : HHH10001005: Database info:
	Database JDBC URL [jdbc:postgresql://127.0.0.1:5432/mydb]
	Database driver: PostgreSQL JDBC Driver
	Database dialect: PostgreSQLDialect
	Database version: 18.3
	Default catalog/schema: mydb/public
	Autocommit mode: undefined/unknown
	Isolation level: READ_COMMITTED [default READ_COMMITTED]
	JDBC fetch size: none
	Pool: DataSourceConnectionProvider
	Minimum pool size: undefined/unknown
	Maximum pool size: undefined/unknown
2026-03-25T10:20:12.367+01:00  INFO 6436 --- [Projet-API-Pizza] [restartedMain] org.hibernate.orm.core                   : HHH000489: No JTA platform available (set 'hibernate.transaction.jta.platform' to enable JTA platform integration)
2026-03-25T10:20:12.385+01:00  WARN 6436 --- [Projet-API-Pizza] [restartedMain] o.h.t.s.i.ExceptionHandlerLoggedImpl     : GenerationTarget encountered exception accepting command : Error executing DDL "create table order (id uuid not null, order_status varchar(255) check ((order_status in ('PENDING','IN_PREPARATION','READY','DELIVERED'))), pizzas_id uuid, orders_id uuid, primary key (id))" via JDBC [ERROR: syntax error at or near "order"
  Position: 14]

org.hibernate.tool.schema.spi.CommandAcceptanceException: Error executing DDL "create table order (id uuid not null, order_status varchar(255) check ((order_status in ('PENDING','IN_PREPARATION','READY','DELIVERED'))), pizzas_id uuid, orders_id uuid, primary key (id))" via JDBC [ERROR: syntax error at or near "order"
  Position: 14]
	at org.hibernate.tool.schema.internal.exec.GenerationTargetToDatabase.accept(GenerationTargetToDatabase.java:81) ~[hibernate-core-7.2.7.Final.jar:7.2.7.Final]
	at org.hibernate.tool.schema.internal.AbstractSchemaMigrator.applySqlString(AbstractSchemaMigrator.java:566) ~[hibernate-core-7.2.7.Final.jar:7.2.7.Final]
	at org.hibernate.tool.schema.internal.AbstractSchemaMigrator.applySqlStrings(AbstractSchemaMigrator.java:506) ~[hibernate-core-7.2.7.Final.jar:7.2.7.Final]
	at org.hibernate.tool.schema.internal.AbstractSchemaMigrator.createTable(AbstractSchemaMigrator.java:305) ~[hibernate-core-7.2.7.Final.jar:7.2.7.Final]
	at org.hibernate.tool.schema.internal.GroupedSchemaMigratorImpl.performTablesMigration(GroupedSchemaMigratorImpl.java:80) ~[hibernate-core-7.2.7.Final.jar:7.2.7.Final]
	at org.hibernate.tool.schema.internal.AbstractSchemaMigrator.performMigration(AbstractSchemaMigrator.java:220) ~[hibernate-core-7.2.7.Final.jar:7.2.7.Final]
	at org.hibernate.tool.schema.internal.AbstractSchemaMigrator.doMigration(AbstractSchemaMigrator.java:96) ~[hibernate-core-7.2.7.Final.jar:7.2.7.Final]
	at org.hibernate.tool.schema.spi.SchemaManagementToolCoordinator.performDatabaseAction(SchemaManagementToolCoordinator.java:269) ~[hibernate-core-7.2.7.Final.jar:7.2.7.Final]
	at org.hibernate.tool.schema.spi.SchemaManagementToolCoordinator.lambda$process$1(SchemaManagementToolCoordinator.java:101) ~[hibernate-core-7.2.7.Final.jar:7.2.7.Final]
	at java.base/java.util.HashMap.forEach(HashMap.java:1430) ~[na:na]
	at org.hibernate.tool.schema.spi.SchemaManagementToolCoordinator.process(SchemaManagementToolCoordinator.java:100) ~[hibernate-core-7.2.7.Final.jar:7.2.7.Final]
	at org.hibernate.boot.internal.SessionFactoryObserverForSchemaExport.sessionFactoryCreated(SessionFactoryObserverForSchemaExport.java:35) ~[hibernate-core-7.2.7.Final.jar:7.2.7.Final]
	at org.hibernate.internal.SessionFactoryObserverChain.sessionFactoryCreated(SessionFactoryObserverChain.java:33) ~[hibernate-core-7.2.7.Final.jar:7.2.7.Final]
	at org.hibernate.internal.SessionFactoryImpl.<init>(SessionFactoryImpl.java:323) ~[hibernate-core-7.2.7.Final.jar:7.2.7.Final]
	at org.hibernate.internal.SessionFactoryRegistry.instantiateSessionFactory(SessionFactoryRegistry.java:64) ~[hibernate-core-7.2.7.Final.jar:7.2.7.Final]
	at org.hibernate.boot.internal.SessionFactoryBuilderImpl.build(SessionFactoryBuilderImpl.java:437) ~[hibernate-core-7.2.7.Final.jar:7.2.7.Final]
	at org.hibernate.jpa.boot.internal.EntityManagerFactoryBuilderImpl.build(EntityManagerFactoryBuilderImpl.java:1456) ~[hibernate-core-7.2.7.Final.jar:7.2.7.Final]
	at org.springframework.orm.jpa.vendor.SpringHibernateJpaPersistenceProvider.createContainerEntityManagerFactory(SpringHibernateJpaPersistenceProvider.java:93) ~[spring-orm-7.0.6.jar:7.0.6]
	at org.springframework.orm.jpa.LocalContainerEntityManagerFactoryBean.createNativeEntityManagerFactory(LocalContainerEntityManagerFactoryBean.java:443) ~[spring-orm-7.0.6.jar:7.0.6]
	at org.springframework.orm.jpa.AbstractEntityManagerFactoryBean.buildNativeEntityManagerFactory(AbstractEntityManagerFactoryBean.java:436) ~[spring-orm-7.0.6.jar:7.0.6]
	at org.springframework.orm.jpa.AbstractEntityManagerFactoryBean.afterPropertiesSet(AbstractEntityManagerFactoryBean.java:411) ~[spring-orm-7.0.6.jar:7.0.6]
	at org.springframework.orm.jpa.LocalContainerEntityManagerFactoryBean.afterPropertiesSet(LocalContainerEntityManagerFactoryBean.java:419) ~[spring-orm-7.0.6.jar:7.0.6]
	at org.springframework.beans.factory.support.AbstractAutowireCapableBeanFactory.invokeInitMethods(AbstractAutowireCapableBeanFactory.java:1864) ~[spring-beans-7.0.6.jar:7.0.6]
	at org.springframework.beans.factory.support.AbstractAutowireCapableBeanFactory.initializeBean(AbstractAutowireCapableBeanFactory.java:1813) ~[spring-beans-7.0.6.jar:7.0.6]
	at org.springframework.beans.factory.support.AbstractAutowireCapableBeanFactory.doCreateBean(AbstractAutowireCapableBeanFactory.java:603) ~[spring-beans-7.0.6.jar:7.0.6]
	at org.springframework.beans.factory.support.AbstractAutowireCapableBeanFactory.createBean(AbstractAutowireCapableBeanFactory.java:525) ~[spring-beans-7.0.6.jar:7.0.6]
	at org.springframework.beans.factory.support.AbstractBeanFactory.lambda$doGetBean$0(AbstractBeanFactory.java:333) ~[spring-beans-7.0.6.jar:7.0.6]
	at org.springframework.beans.factory.support.DefaultSingletonBeanRegistry.getSingleton(DefaultSingletonBeanRegistry.java:371) ~[spring-beans-7.0.6.jar:7.0.6]
	at org.springframework.beans.factory.support.AbstractBeanFactory.doGetBean(AbstractBeanFactory.java:331) ~[spring-beans-7.0.6.jar:7.0.6]
	at org.springframework.beans.factory.support.AbstractBeanFactory.getBean(AbstractBeanFactory.java:201) ~[spring-beans-7.0.6.jar:7.0.6]
	at org.springframework.context.support.AbstractApplicationContext.finishBeanFactoryInitialization(AbstractApplicationContext.java:977) ~[spring-context-7.0.6.jar:7.0.6]
	at org.springframework.context.support.AbstractApplicationContext.refresh(AbstractApplicationContext.java:621) ~[spring-context-7.0.6.jar:7.0.6]
	at org.springframework.boot.web.server.servlet.context.ServletWebServerApplicationContext.refresh(ServletWebServerApplicationContext.java:143) ~[spring-boot-web-server-4.0.4.jar:4.0.4]
	at org.springframework.boot.SpringApplication.refresh(SpringApplication.java:756) ~[spring-boot-4.0.4.jar:4.0.4]
	at org.springframework.boot.SpringApplication.refreshContext(SpringApplication.java:445) ~[spring-boot-4.0.4.jar:4.0.4]
	at org.springframework.boot.SpringApplication.run(SpringApplication.java:321) ~[spring-boot-4.0.4.jar:4.0.4]
	at org.springframework.boot.SpringApplication.run(SpringApplication.java:1365) ~[spring-boot-4.0.4.jar:4.0.4]
	at org.springframework.boot.SpringApplication.run(SpringApplication.java:1354) ~[spring-boot-4.0.4.jar:4.0.4]
	at com.accenture.projetapipizza.ProjetApiPizzaApplication.main(ProjetApiPizzaApplication.java:10) ~[classes/:na]
	at java.base/jdk.internal.reflect.DirectMethodHandleAccessor.invoke(DirectMethodHandleAccessor.java:104) ~[na:na]
	at java.base/java.lang.reflect.Method.invoke(Method.java:565) ~[na:na]
	at org.springframework.boot.devtools.restart.RestartLauncher.run(RestartLauncher.java:52) ~[spring-boot-devtools-4.0.4.jar:4.0.4]
Caused by: org.postgresql.util.PSQLException: ERROR: syntax error at or near "order"
  Position: 14
	at org.postgresql.core.v3.QueryExecutorImpl.receiveErrorResponse(QueryExecutorImpl.java:2875) ~[postgresql-42.7.10.jar:42.7.10]
	at org.postgresql.core.v3.QueryExecutorImpl.processResults(QueryExecutorImpl.java:2560) ~[postgresql-42.7.10.jar:42.7.10]
	at org.postgresql.core.v3.QueryExecutorImpl.execute(QueryExecutorImpl.java:429) ~[postgresql-42.7.10.jar:42.7.10]
	at org.postgresql.jdbc.PgStatement.executeInternal(PgStatement.java:526) ~[postgresql-42.7.10.jar:42.7.10]
	at org.postgresql.jdbc.PgStatement.execute(PgStatement.java:436) ~[postgresql-42.7.10.jar:42.7.10]
	at org.postgresql.jdbc.PgStatement.executeWithFlags(PgStatement.java:358) ~[postgresql-42.7.10.jar:42.7.10]
	at org.postgresql.jdbc.PgStatement.executeCachedSql(PgStatement.java:343) ~[postgresql-42.7.10.jar:42.7.10]
	at org.postgresql.jdbc.PgStatement.executeWithFlags(PgStatement.java:319) ~[postgresql-42.7.10.jar:42.7.10]
	at org.postgresql.jdbc.PgStatement.execute(PgStatement.java:314) ~[postgresql-42.7.10.jar:42.7.10]
	at com.zaxxer.hikari.pool.ProxyStatement.execute(ProxyStatement.java:95) ~[HikariCP-7.0.2.jar:na]
	at com.zaxxer.hikari.pool.HikariProxyStatement.execute(HikariProxyStatement.java) ~[HikariCP-7.0.2.jar:na]
	at org.hibernate.tool.schema.internal.exec.GenerationTargetToDatabase.accept(GenerationTargetToDatabase.java:76) ~[hibernate-core-7.2.7.Final.jar:7.2.7.Final]
	... 41 common frames omitted

2026-03-25T10:20:12.410+01:00  WARN 6436 --- [Projet-API-Pizza] [restartedMain] o.h.t.s.i.ExceptionHandlerLoggedImpl     : GenerationTarget encountered exception accepting command : Error executing DDL "alter table if exists order add constraint FK2s2o4pp0aypkituqk2ojbhrvv foreign key (pizzas_id) references pizza" via JDBC [ERROR: syntax error at or near "order"
  Position: 23]

org.hibernate.tool.schema.spi.CommandAcceptanceException: Error executing DDL "alter table if exists order add constraint FK2s2o4pp0aypkituqk2ojbhrvv foreign key (pizzas_id) references pizza" via JDBC [ERROR: syntax error at or near "order"
  Position: 23]
	at org.hibernate.tool.schema.internal.exec.GenerationTargetToDatabase.accept(GenerationTargetToDatabase.java:81) ~[hibernate-core-7.2.7.Final.jar:7.2.7.Final]
	at org.hibernate.tool.schema.internal.AbstractSchemaMigrator.applySqlString(AbstractSchemaMigrator.java:566) ~[hibernate-core-7.2.7.Final.jar:7.2.7.Final]
	at org.hibernate.tool.schema.internal.AbstractSchemaMigrator.applySqlStrings(AbstractSchemaMigrator.java:506) ~[hibernate-core-7.2.7.Final.jar:7.2.7.Final]
	at org.hibernate.tool.schema.internal.AbstractSchemaMigrator.applyForeignKeys(AbstractSchemaMigrator.java:438) ~[hibernate-core-7.2.7.Final.jar:7.2.7.Final]
	at org.hibernate.tool.schema.internal.AbstractSchemaMigrator.performMigration(AbstractSchemaMigrator.java:256) ~[hibernate-core-7.2.7.Final.jar:7.2.7.Final]
	at org.hibernate.tool.schema.internal.AbstractSchemaMigrator.doMigration(AbstractSchemaMigrator.java:96) ~[hibernate-core-7.2.7.Final.jar:7.2.7.Final]
	at org.hibernate.tool.schema.spi.SchemaManagementToolCoordinator.performDatabaseAction(SchemaManagementToolCoordinator.java:269) ~[hibernate-core-7.2.7.Final.jar:7.2.7.Final]
	at org.hibernate.tool.schema.spi.SchemaManagementToolCoordinator.lambda$process$1(SchemaManagementToolCoordinator.java:101) ~[hibernate-core-7.2.7.Final.jar:7.2.7.Final]
	at java.base/java.util.HashMap.forEach(HashMap.java:1430) ~[na:na]
	at org.hibernate.tool.schema.spi.SchemaManagementToolCoordinator.process(SchemaManagementToolCoordinator.java:100) ~[hibernate-core-7.2.7.Final.jar:7.2.7.Final]
	at org.hibernate.boot.internal.SessionFactoryObserverForSchemaExport.sessionFactoryCreated(SessionFactoryObserverForSchemaExport.java:35) ~[hibernate-core-7.2.7.Final.jar:7.2.7.Final]
	at org.hibernate.internal.SessionFactoryObserverChain.sessionFactoryCreated(SessionFactoryObserverChain.java:33) ~[hibernate-core-7.2.7.Final.jar:7.2.7.Final]
	at org.hibernate.internal.SessionFactoryImpl.<init>(SessionFactoryImpl.java:323) ~[hibernate-core-7.2.7.Final.jar:7.2.7.Final]
	at org.hibernate.internal.SessionFactoryRegistry.instantiateSessionFactory(SessionFactoryRegistry.java:64) ~[hibernate-core-7.2.7.Final.jar:7.2.7.Final]
	at org.hibernate.boot.internal.SessionFactoryBuilderImpl.build(SessionFactoryBuilderImpl.java:437) ~[hibernate-core-7.2.7.Final.jar:7.2.7.Final]
	at org.hibernate.jpa.boot.internal.EntityManagerFactoryBuilderImpl.build(EntityManagerFactoryBuilderImpl.java:1456) ~[hibernate-core-7.2.7.Final.jar:7.2.7.Final]
	at org.springframework.orm.jpa.vendor.SpringHibernateJpaPersistenceProvider.createContainerEntityManagerFactory(SpringHibernateJpaPersistenceProvider.java:93) ~[spring-orm-7.0.6.jar:7.0.6]
	at org.springframework.orm.jpa.LocalContainerEntityManagerFactoryBean.createNativeEntityManagerFactory(LocalContainerEntityManagerFactoryBean.java:443) ~[spring-orm-7.0.6.jar:7.0.6]
	at org.springframework.orm.jpa.AbstractEntityManagerFactoryBean.buildNativeEntityManagerFactory(AbstractEntityManagerFactoryBean.java:436) ~[spring-orm-7.0.6.jar:7.0.6]
	at org.springframework.orm.jpa.AbstractEntityManagerFactoryBean.afterPropertiesSet(AbstractEntityManagerFactoryBean.java:411) ~[spring-orm-7.0.6.jar:7.0.6]
	at org.springframework.orm.jpa.LocalContainerEntityManagerFactoryBean.afterPropertiesSet(LocalContainerEntityManagerFactoryBean.java:419) ~[spring-orm-7.0.6.jar:7.0.6]
	at org.springframework.beans.factory.support.AbstractAutowireCapableBeanFactory.invokeInitMethods(AbstractAutowireCapableBeanFactory.java:1864) ~[spring-beans-7.0.6.jar:7.0.6]
	at org.springframework.beans.factory.support.AbstractAutowireCapableBeanFactory.initializeBean(AbstractAutowireCapableBeanFactory.java:1813) ~[spring-beans-7.0.6.jar:7.0.6]
	at org.springframework.beans.factory.support.AbstractAutowireCapableBeanFactory.doCreateBean(AbstractAutowireCapableBeanFactory.java:603) ~[spring-beans-7.0.6.jar:7.0.6]
	at org.springframework.beans.factory.support.AbstractAutowireCapableBeanFactory.createBean(AbstractAutowireCapableBeanFactory.java:525) ~[spring-beans-7.0.6.jar:7.0.6]
	at org.springframework.beans.factory.support.AbstractBeanFactory.lambda$doGetBean$0(AbstractBeanFactory.java:333) ~[spring-beans-7.0.6.jar:7.0.6]
	at org.springframework.beans.factory.support.DefaultSingletonBeanRegistry.getSingleton(DefaultSingletonBeanRegistry.java:371) ~[spring-beans-7.0.6.jar:7.0.6]
	at org.springframework.beans.factory.support.AbstractBeanFactory.doGetBean(AbstractBeanFactory.java:331) ~[spring-beans-7.0.6.jar:7.0.6]
	at org.springframework.beans.factory.support.AbstractBeanFactory.getBean(AbstractBeanFactory.java:201) ~[spring-beans-7.0.6.jar:7.0.6]
	at org.springframework.context.support.AbstractApplicationContext.finishBeanFactoryInitialization(AbstractApplicationContext.java:977) ~[spring-context-7.0.6.jar:7.0.6]
	at org.springframework.context.support.AbstractApplicationContext.refresh(AbstractApplicationContext.java:621) ~[spring-context-7.0.6.jar:7.0.6]
	at org.springframework.boot.web.server.servlet.context.ServletWebServerApplicationContext.refresh(ServletWebServerApplicationContext.java:143) ~[spring-boot-web-server-4.0.4.jar:4.0.4]
	at org.springframework.boot.SpringApplication.refresh(SpringApplication.java:756) ~[spring-boot-4.0.4.jar:4.0.4]
	at org.springframework.boot.SpringApplication.refreshContext(SpringApplication.java:445) ~[spring-boot-4.0.4.jar:4.0.4]
	at org.springframework.boot.SpringApplication.run(SpringApplication.java:321) ~[spring-boot-4.0.4.jar:4.0.4]
	at org.springframework.boot.SpringApplication.run(SpringApplication.java:1365) ~[spring-boot-4.0.4.jar:4.0.4]
	at org.springframework.boot.SpringApplication.run(SpringApplication.java:1354) ~[spring-boot-4.0.4.jar:4.0.4]
	at com.accenture.projetapipizza.ProjetApiPizzaApplication.main(ProjetApiPizzaApplication.java:10) ~[classes/:na]
	at java.base/jdk.internal.reflect.DirectMethodHandleAccessor.invoke(DirectMethodHandleAccessor.java:104) ~[na:na]
	at java.base/java.lang.reflect.Method.invoke(Method.java:565) ~[na:na]
	at org.springframework.boot.devtools.restart.RestartLauncher.run(RestartLauncher.java:52) ~[spring-boot-devtools-4.0.4.jar:4.0.4]
Caused by: org.postgresql.util.PSQLException: ERROR: syntax error at or near "order"
  Position: 23
	at org.postgresql.core.v3.QueryExecutorImpl.receiveErrorResponse(QueryExecutorImpl.java:2875) ~[postgresql-42.7.10.jar:42.7.10]
	at org.postgresql.core.v3.QueryExecutorImpl.processResults(QueryExecutorImpl.java:2560) ~[postgresql-42.7.10.jar:42.7.10]
	at org.postgresql.core.v3.QueryExecutorImpl.execute(QueryExecutorImpl.java:429) ~[postgresql-42.7.10.jar:42.7.10]
	at org.postgresql.jdbc.PgStatement.executeInternal(PgStatement.java:526) ~[postgresql-42.7.10.jar:42.7.10]
	at org.postgresql.jdbc.PgStatement.execute(PgStatement.java:436) ~[postgresql-42.7.10.jar:42.7.10]
	at org.postgresql.jdbc.PgStatement.executeWithFlags(PgStatement.java:358) ~[postgresql-42.7.10.jar:42.7.10]
	at org.postgresql.jdbc.PgStatement.executeCachedSql(PgStatement.java:343) ~[postgresql-42.7.10.jar:42.7.10]
	at org.postgresql.jdbc.PgStatement.executeWithFlags(PgStatement.java:319) ~[postgresql-42.7.10.jar:42.7.10]
	at org.postgresql.jdbc.PgStatement.execute(PgStatement.java:314) ~[postgresql-42.7.10.jar:42.7.10]
	at com.zaxxer.hikari.pool.ProxyStatement.execute(ProxyStatement.java:95) ~[HikariCP-7.0.2.jar:na]
	at com.zaxxer.hikari.pool.HikariProxyStatement.execute(HikariProxyStatement.java) ~[HikariCP-7.0.2.jar:na]
	at org.hibernate.tool.schema.internal.exec.GenerationTargetToDatabase.accept(GenerationTargetToDatabase.java:76) ~[hibernate-core-7.2.7.Final.jar:7.2.7.Final]
	... 40 common frames omitted

2026-03-25T10:20:12.416+01:00  WARN 6436 --- [Projet-API-Pizza] [restartedMain] o.h.t.s.i.ExceptionHandlerLoggedImpl     : GenerationTarget encountered exception accepting command : Error executing DDL "alter table if exists order add constraint FKr3jxje8a3n0urb90w1yykoalc foreign key (orders_id) references customer" via JDBC [ERROR: syntax error at or near "order"
  Position: 23]

org.hibernate.tool.schema.spi.CommandAcceptanceException: Error executing DDL "alter table if exists order add constraint FKr3jxje8a3n0urb90w1yykoalc foreign key (orders_id) references customer" via JDBC [ERROR: syntax error at or near "order"
  Position: 23]
	at org.hibernate.tool.schema.internal.exec.GenerationTargetToDatabase.accept(GenerationTargetToDatabase.java:81) ~[hibernate-core-7.2.7.Final.jar:7.2.7.Final]
	at org.hibernate.tool.schema.internal.AbstractSchemaMigrator.applySqlString(AbstractSchemaMigrator.java:566) ~[hibernate-core-7.2.7.Final.jar:7.2.7.Final]
	at org.hibernate.tool.schema.internal.AbstractSchemaMigrator.applySqlStrings(AbstractSchemaMigrator.java:506) ~[hibernate-core-7.2.7.Final.jar:7.2.7.Final]
	at org.hibernate.tool.schema.internal.AbstractSchemaMigrator.applyForeignKeys(AbstractSchemaMigrator.java:438) ~[hibernate-core-7.2.7.Final.jar:7.2.7.Final]
	at org.hibernate.tool.schema.internal.AbstractSchemaMigrator.performMigration(AbstractSchemaMigrator.java:256) ~[hibernate-core-7.2.7.Final.jar:7.2.7.Final]
	at org.hibernate.tool.schema.internal.AbstractSchemaMigrator.doMigration(AbstractSchemaMigrator.java:96) ~[hibernate-core-7.2.7.Final.jar:7.2.7.Final]
	at org.hibernate.tool.schema.spi.SchemaManagementToolCoordinator.performDatabaseAction(SchemaManagementToolCoordinator.java:269) ~[hibernate-core-7.2.7.Final.jar:7.2.7.Final]
	at org.hibernate.tool.schema.spi.SchemaManagementToolCoordinator.lambda$process$1(SchemaManagementToolCoordinator.java:101) ~[hibernate-core-7.2.7.Final.jar:7.2.7.Final]
	at java.base/java.util.HashMap.forEach(HashMap.java:1430) ~[na:na]
	at org.hibernate.tool.schema.spi.SchemaManagementToolCoordinator.process(SchemaManagementToolCoordinator.java:100) ~[hibernate-core-7.2.7.Final.jar:7.2.7.Final]
	at org.hibernate.boot.internal.SessionFactoryObserverForSchemaExport.sessionFactoryCreated(SessionFactoryObserverForSchemaExport.java:35) ~[hibernate-core-7.2.7.Final.jar:7.2.7.Final]
	at org.hibernate.internal.SessionFactoryObserverChain.sessionFactoryCreated(SessionFactoryObserverChain.java:33) ~[hibernate-core-7.2.7.Final.jar:7.2.7.Final]
	at org.hibernate.internal.SessionFactoryImpl.<init>(SessionFactoryImpl.java:323) ~[hibernate-core-7.2.7.Final.jar:7.2.7.Final]
	at org.hibernate.internal.SessionFactoryRegistry.instantiateSessionFactory(SessionFactoryRegistry.java:64) ~[hibernate-core-7.2.7.Final.jar:7.2.7.Final]
	at org.hibernate.boot.internal.SessionFactoryBuilderImpl.build(SessionFactoryBuilderImpl.java:437) ~[hibernate-core-7.2.7.Final.jar:7.2.7.Final]
	at org.hibernate.jpa.boot.internal.EntityManagerFactoryBuilderImpl.build(EntityManagerFactoryBuilderImpl.java:1456) ~[hibernate-core-7.2.7.Final.jar:7.2.7.Final]
	at org.springframework.orm.jpa.vendor.SpringHibernateJpaPersistenceProvider.createContainerEntityManagerFactory(SpringHibernateJpaPersistenceProvider.java:93) ~[spring-orm-7.0.6.jar:7.0.6]
	at org.springframework.orm.jpa.LocalContainerEntityManagerFactoryBean.createNativeEntityManagerFactory(LocalContainerEntityManagerFactoryBean.java:443) ~[spring-orm-7.0.6.jar:7.0.6]
	at org.springframework.orm.jpa.AbstractEntityManagerFactoryBean.buildNativeEntityManagerFactory(AbstractEntityManagerFactoryBean.java:436) ~[spring-orm-7.0.6.jar:7.0.6]
	at org.springframework.orm.jpa.AbstractEntityManagerFactoryBean.afterPropertiesSet(AbstractEntityManagerFactoryBean.java:411) ~[spring-orm-7.0.6.jar:7.0.6]
	at org.springframework.orm.jpa.LocalContainerEntityManagerFactoryBean.afterPropertiesSet(LocalContainerEntityManagerFactoryBean.java:419) ~[spring-orm-7.0.6.jar:7.0.6]
	at org.springframework.beans.factory.support.AbstractAutowireCapableBeanFactory.invokeInitMethods(AbstractAutowireCapableBeanFactory.java:1864) ~[spring-beans-7.0.6.jar:7.0.6]
	at org.springframework.beans.factory.support.AbstractAutowireCapableBeanFactory.initializeBean(AbstractAutowireCapableBeanFactory.java:1813) ~[spring-beans-7.0.6.jar:7.0.6]
	at org.springframework.beans.factory.support.AbstractAutowireCapableBeanFactory.doCreateBean(AbstractAutowireCapableBeanFactory.java:603) ~[spring-beans-7.0.6.jar:7.0.6]
	at org.springframework.beans.factory.support.AbstractAutowireCapableBeanFactory.createBean(AbstractAutowireCapableBeanFactory.java:525) ~[spring-beans-7.0.6.jar:7.0.6]
	at org.springframework.beans.factory.support.AbstractBeanFactory.lambda$doGetBean$0(AbstractBeanFactory.java:333) ~[spring-beans-7.0.6.jar:7.0.6]
	at org.springframework.beans.factory.support.DefaultSingletonBeanRegistry.getSingleton(DefaultSingletonBeanRegistry.java:371) ~[spring-beans-7.0.6.jar:7.0.6]
	at org.springframework.beans.factory.support.AbstractBeanFactory.doGetBean(AbstractBeanFactory.java:331) ~[spring-beans-7.0.6.jar:7.0.6]
	at org.springframework.beans.factory.support.AbstractBeanFactory.getBean(AbstractBeanFactory.java:201) ~[spring-beans-7.0.6.jar:7.0.6]
	at org.springframework.context.support.AbstractApplicationContext.finishBeanFactoryInitialization(AbstractApplicationContext.java:977) ~[spring-context-7.0.6.jar:7.0.6]
	at org.springframework.context.support.AbstractApplicationContext.refresh(AbstractApplicationContext.java:621) ~[spring-context-7.0.6.jar:7.0.6]
	at org.springframework.boot.web.server.servlet.context.ServletWebServerApplicationContext.refresh(ServletWebServerApplicationContext.java:143) ~[spring-boot-web-server-4.0.4.jar:4.0.4]
	at org.springframework.boot.SpringApplication.refresh(SpringApplication.java:756) ~[spring-boot-4.0.4.jar:4.0.4]
	at org.springframework.boot.SpringApplication.refreshContext(SpringApplication.java:445) ~[spring-boot-4.0.4.jar:4.0.4]
	at org.springframework.boot.SpringApplication.run(SpringApplication.java:321) ~[spring-boot-4.0.4.jar:4.0.4]
	at org.springframework.boot.SpringApplication.run(SpringApplication.java:1365) ~[spring-boot-4.0.4.jar:4.0.4]
	at org.springframework.boot.SpringApplication.run(SpringApplication.java:1354) ~[spring-boot-4.0.4.jar:4.0.4]
	at com.accenture.projetapipizza.ProjetApiPizzaApplication.main(ProjetApiPizzaApplication.java:10) ~[classes/:na]
	at java.base/jdk.internal.reflect.DirectMethodHandleAccessor.invoke(DirectMethodHandleAccessor.java:104) ~[na:na]
	at java.base/java.lang.reflect.Method.invoke(Method.java:565) ~[na:na]
	at org.springframework.boot.devtools.restart.RestartLauncher.run(RestartLauncher.java:52) ~[spring-boot-devtools-4.0.4.jar:4.0.4]
Caused by: org.postgresql.util.PSQLException: ERROR: syntax error at or near "order"
  Position: 23
	at org.postgresql.core.v3.QueryExecutorImpl.receiveErrorResponse(QueryExecutorImpl.java:2875) ~[postgresql-42.7.10.jar:42.7.10]
	at org.postgresql.core.v3.QueryExecutorImpl.processResults(QueryExecutorImpl.java:2560) ~[postgresql-42.7.10.jar:42.7.10]
	at org.postgresql.core.v3.QueryExecutorImpl.execute(QueryExecutorImpl.java:429) ~[postgresql-42.7.10.jar:42.7.10]
	at org.postgresql.jdbc.PgStatement.executeInternal(PgStatement.java:526) ~[postgresql-42.7.10.jar:42.7.10]
	at org.postgresql.jdbc.PgStatement.execute(PgStatement.java:436) ~[postgresql-42.7.10.jar:42.7.10]
	at org.postgresql.jdbc.PgStatement.executeWithFlags(PgStatement.java:358) ~[postgresql-42.7.10.jar:42.7.10]
	at org.postgresql.jdbc.PgStatement.executeCachedSql(PgStatement.java:343) ~[postgresql-42.7.10.jar:42.7.10]
	at org.postgresql.jdbc.PgStatement.executeWithFlags(PgStatement.java:319) ~[postgresql-42.7.10.jar:42.7.10]
	at org.postgresql.jdbc.PgStatement.execute(PgStatement.java:314) ~[postgresql-42.7.10.jar:42.7.10]
	at com.zaxxer.hikari.pool.ProxyStatement.execute(ProxyStatement.java:95) ~[HikariCP-7.0.2.jar:na]
	at com.zaxxer.hikari.pool.HikariProxyStatement.execute(HikariProxyStatement.java) ~[HikariCP-7.0.2.jar:na]
	at org.hibernate.tool.schema.internal.exec.GenerationTargetToDatabase.accept(GenerationTargetToDatabase.java:76) ~[hibernate-core-7.2.7.Final.jar:7.2.7.Final]
	... 40 common frames omitted

2026-03-25T10:20:12.417+01:00  INFO 6436 --- [Projet-API-Pizza] [restartedMain] j.LocalContainerEntityManagerFactoryBean : Initialized JPA EntityManagerFactory for persistence unit 'default'
2026-03-25T10:20:12.483+01:00  WARN 6436 --- [Projet-API-Pizza] [restartedMain] JpaBaseConfiguration$JpaWebConfiguration : spring.jpa.open-in-view is enabled by default. Therefore, database queries may be performed during view rendering. Explicitly configure spring.jpa.open-in-view to disable this warning
2026-03-25T10:20:12.545+01:00  INFO 6436 --- [Projet-API-Pizza] [restartedMain] o.s.b.h.a.H2ConsoleAutoConfiguration     : H2 console available at '/h2-console'. Database available at 'jdbc:postgresql://127.0.0.1:5432/mydb'
2026-03-25T10:20:12.559+01:00  INFO 6436 --- [Projet-API-Pizza] [restartedMain] o.s.boot.tomcat.TomcatWebServer          : Tomcat started on port 9999 (http) with context path '/'
2026-03-25T10:20:12.561+01:00  INFO 6436 --- [Projet-API-Pizza] [restartedMain] c.a.p.ProjetApiPizzaApplication          : Started ProjetApiPizzaApplication in 0.782 seconds (process running for 879.35)
2026-03-25T10:20:12.561+01:00  WARN 6436 --- [Projet-API-Pizza] [restartedMain] o.s.core.events.SpringDocAppInitializer  : SpringDoc /v3/api-docs endpoint is enabled by default. To disable it in production, set the property 'springdoc.api-docs.enabled=false'
2026-03-25T10:20:12.561+01:00  WARN 6436 --- [Projet-API-Pizza] [restartedMain] o.s.core.events.SpringDocAppInitializer  : SpringDoc /swagger-ui.html endpoint is enabled by default. To disable it in production, set the property 'springdoc.swagger-ui.enabled=false'
2026-03-25T10:20:12.562+01:00  INFO 6436 --- [Projet-API-Pizza] [restartedMain] .ConditionEvaluationDeltaLoggingListener : Condition evaluation unchanged
2026-03-25T10:22:34.395+01:00  INFO 12224 --- [Projet-API-Pizza] [main] ustomerControllerIntegrationEndToEndTest : Starting CustomerControllerIntegrationEndToEndTest using Java 25.0.2 with PID 12224 (started by celine.denis in C:\Users\celine.denis\IdeaProjects\Projet-API-Pizza)
2026-03-25T10:22:34.396+01:00  INFO 12224 --- [Projet-API-Pizza] [main] ustomerControllerIntegrationEndToEndTest : The following 1 profile is active: "test"
2026-03-25T10:22:35.692+01:00  INFO 12224 --- [Projet-API-Pizza] [main] .s.d.r.c.RepositoryConfigurationDelegate : Bootstrapping Spring Data JPA repositories in DEFAULT mode.
2026-03-25T10:22:35.773+01:00  INFO 12224 --- [Projet-API-Pizza] [main] .s.d.r.c.RepositoryConfigurationDelegate : Finished Spring Data repository scanning in 59 ms. Found 2 JPA repository interfaces.
2026-03-25T10:22:36.690+01:00  INFO 12224 --- [Projet-API-Pizza] [main] o.s.boot.tomcat.TomcatWebServer          : Tomcat initialized with port 0 (http)
2026-03-25T10:22:36.719+01:00  INFO 12224 --- [Projet-API-Pizza] [main] o.apache.catalina.core.StandardService   : Starting service [Tomcat]
2026-03-25T10:22:36.719+01:00  INFO 12224 --- [Projet-API-Pizza] [main] o.apache.catalina.core.StandardEngine    : Starting Servlet engine: [Apache Tomcat/11.0.18]
2026-03-25T10:22:36.832+01:00  INFO 12224 --- [Projet-API-Pizza] [main] b.w.c.s.WebApplicationContextInitializer : Root WebApplicationContext: initialization completed in 2421 ms
2026-03-25T10:22:37.352+01:00  INFO 12224 --- [Projet-API-Pizza] [main] org.hibernate.orm.jpa                    : HHH008540: Processing PersistenceUnitInfo [name: default]
2026-03-25T10:22:37.476+01:00  INFO 12224 --- [Projet-API-Pizza] [main] org.hibernate.orm.core                   : HHH000001: Hibernate ORM core version 7.2.7.Final
2026-03-25T10:22:38.105+01:00  INFO 12224 --- [Projet-API-Pizza] [main] o.s.o.j.p.SpringPersistenceUnitInfo      : No LoadTimeWeaver setup: ignoring JPA class transformer
2026-03-25T10:22:38.167+01:00  INFO 12224 --- [Projet-API-Pizza] [main] com.zaxxer.hikari.HikariDataSource       : HikariPool-1 - Starting...
2026-03-25T10:22:38.343+01:00  INFO 12224 --- [Projet-API-Pizza] [main] com.zaxxer.hikari.pool.HikariPool        : HikariPool-1 - Added connection org.postgresql.jdbc.PgConnection@7c0b792e
2026-03-25T10:22:38.344+01:00  INFO 12224 --- [Projet-API-Pizza] [main] com.zaxxer.hikari.HikariDataSource       : HikariPool-1 - Start completed.
2026-03-25T10:22:38.425+01:00  INFO 12224 --- [Projet-API-Pizza] [main] org.hibernate.orm.connections.pooling    : HHH10001005: Database info:
	Database JDBC URL [jdbc:postgresql://127.0.0.1:5432/mydb]
	Database driver: PostgreSQL JDBC Driver
	Database dialect: PostgreSQLDialect
	Database version: 18.3
	Default catalog/schema: mydb/public
	Autocommit mode: undefined/unknown
	Isolation level: READ_COMMITTED [default READ_COMMITTED]
	JDBC fetch size: none
	Pool: DataSourceConnectionProvider
	Minimum pool size: undefined/unknown
	Maximum pool size: undefined/unknown
2026-03-25T10:22:39.846+01:00  INFO 12224 --- [Projet-API-Pizza] [main] org.hibernate.orm.core                   : HHH000489: No JTA platform available (set 'hibernate.transaction.jta.platform' to enable JTA platform integration)
2026-03-25T10:22:39.912+01:00  WARN 12224 --- [Projet-API-Pizza] [main] o.h.t.s.i.ExceptionHandlerLoggedImpl     : GenerationTarget encountered exception accepting command : Error executing DDL "create table order (id uuid not null, order_status varchar(255) check ((order_status in ('PENDING','IN_PREPARATION','READY','DELIVERED'))), pizzas_id uuid, orders_id uuid, primary key (id))" via JDBC [ERROR: syntax error at or near "order"
  Position: 14]

org.hibernate.tool.schema.spi.CommandAcceptanceException: Error executing DDL "create table order (id uuid not null, order_status varchar(255) check ((order_status in ('PENDING','IN_PREPARATION','READY','DELIVERED'))), pizzas_id uuid, orders_id uuid, primary key (id))" via JDBC [ERROR: syntax error at or near "order"
  Position: 14]
	at org.hibernate.tool.schema.internal.exec.GenerationTargetToDatabase.accept(GenerationTargetToDatabase.java:81) ~[hibernate-core-7.2.7.Final.jar:7.2.7.Final]
	at org.hibernate.tool.schema.internal.AbstractSchemaMigrator.applySqlString(AbstractSchemaMigrator.java:566) ~[hibernate-core-7.2.7.Final.jar:7.2.7.Final]
	at org.hibernate.tool.schema.internal.AbstractSchemaMigrator.applySqlStrings(AbstractSchemaMigrator.java:506) ~[hibernate-core-7.2.7.Final.jar:7.2.7.Final]
	at org.hibernate.tool.schema.internal.AbstractSchemaMigrator.createTable(AbstractSchemaMigrator.java:305) ~[hibernate-core-7.2.7.Final.jar:7.2.7.Final]
	at org.hibernate.tool.schema.internal.GroupedSchemaMigratorImpl.performTablesMigration(GroupedSchemaMigratorImpl.java:80) ~[hibernate-core-7.2.7.Final.jar:7.2.7.Final]
	at org.hibernate.tool.schema.internal.AbstractSchemaMigrator.performMigration(AbstractSchemaMigrator.java:220) ~[hibernate-core-7.2.7.Final.jar:7.2.7.Final]
	at org.hibernate.tool.schema.internal.AbstractSchemaMigrator.doMigration(AbstractSchemaMigrator.java:96) ~[hibernate-core-7.2.7.Final.jar:7.2.7.Final]
	at org.hibernate.tool.schema.spi.SchemaManagementToolCoordinator.performDatabaseAction(SchemaManagementToolCoordinator.java:269) ~[hibernate-core-7.2.7.Final.jar:7.2.7.Final]
	at org.hibernate.tool.schema.spi.SchemaManagementToolCoordinator.lambda$process$1(SchemaManagementToolCoordinator.java:101) ~[hibernate-core-7.2.7.Final.jar:7.2.7.Final]
	at java.base/java.util.HashMap.forEach(HashMap.java:1430) ~[na:na]
	at org.hibernate.tool.schema.spi.SchemaManagementToolCoordinator.process(SchemaManagementToolCoordinator.java:100) ~[hibernate-core-7.2.7.Final.jar:7.2.7.Final]
	at org.hibernate.boot.internal.SessionFactoryObserverForSchemaExport.sessionFactoryCreated(SessionFactoryObserverForSchemaExport.java:35) ~[hibernate-core-7.2.7.Final.jar:7.2.7.Final]
	at org.hibernate.internal.SessionFactoryObserverChain.sessionFactoryCreated(SessionFactoryObserverChain.java:33) ~[hibernate-core-7.2.7.Final.jar:7.2.7.Final]
	at org.hibernate.internal.SessionFactoryImpl.<init>(SessionFactoryImpl.java:323) ~[hibernate-core-7.2.7.Final.jar:7.2.7.Final]
	at org.hibernate.internal.SessionFactoryRegistry.instantiateSessionFactory(SessionFactoryRegistry.java:64) ~[hibernate-core-7.2.7.Final.jar:7.2.7.Final]
	at org.hibernate.boot.internal.SessionFactoryBuilderImpl.build(SessionFactoryBuilderImpl.java:437) ~[hibernate-core-7.2.7.Final.jar:7.2.7.Final]
	at org.hibernate.jpa.boot.internal.EntityManagerFactoryBuilderImpl.build(EntityManagerFactoryBuilderImpl.java:1456) ~[hibernate-core-7.2.7.Final.jar:7.2.7.Final]
	at org.springframework.orm.jpa.vendor.SpringHibernateJpaPersistenceProvider.createContainerEntityManagerFactory(SpringHibernateJpaPersistenceProvider.java:93) ~[spring-orm-7.0.6.jar:7.0.6]
	at org.springframework.orm.jpa.LocalContainerEntityManagerFactoryBean.createNativeEntityManagerFactory(LocalContainerEntityManagerFactoryBean.java:443) ~[spring-orm-7.0.6.jar:7.0.6]
	at org.springframework.orm.jpa.AbstractEntityManagerFactoryBean.buildNativeEntityManagerFactory(AbstractEntityManagerFactoryBean.java:436) ~[spring-orm-7.0.6.jar:7.0.6]
	at org.springframework.orm.jpa.AbstractEntityManagerFactoryBean.afterPropertiesSet(AbstractEntityManagerFactoryBean.java:411) ~[spring-orm-7.0.6.jar:7.0.6]
	at org.springframework.orm.jpa.LocalContainerEntityManagerFactoryBean.afterPropertiesSet(LocalContainerEntityManagerFactoryBean.java:419) ~[spring-orm-7.0.6.jar:7.0.6]
	at org.springframework.beans.factory.support.AbstractAutowireCapableBeanFactory.invokeInitMethods(AbstractAutowireCapableBeanFactory.java:1864) ~[spring-beans-7.0.6.jar:7.0.6]
	at org.springframework.beans.factory.support.AbstractAutowireCapableBeanFactory.initializeBean(AbstractAutowireCapableBeanFactory.java:1813) ~[spring-beans-7.0.6.jar:7.0.6]
	at org.springframework.beans.factory.support.AbstractAutowireCapableBeanFactory.doCreateBean(AbstractAutowireCapableBeanFactory.java:603) ~[spring-beans-7.0.6.jar:7.0.6]
	at org.springframework.beans.factory.support.AbstractAutowireCapableBeanFactory.createBean(AbstractAutowireCapableBeanFactory.java:525) ~[spring-beans-7.0.6.jar:7.0.6]
	at org.springframework.beans.factory.support.AbstractBeanFactory.lambda$doGetBean$0(AbstractBeanFactory.java:333) ~[spring-beans-7.0.6.jar:7.0.6]
	at org.springframework.beans.factory.support.DefaultSingletonBeanRegistry.getSingleton(DefaultSingletonBeanRegistry.java:371) ~[spring-beans-7.0.6.jar:7.0.6]
	at org.springframework.beans.factory.support.AbstractBeanFactory.doGetBean(AbstractBeanFactory.java:331) ~[spring-beans-7.0.6.jar:7.0.6]
	at org.springframework.beans.factory.support.AbstractBeanFactory.getBean(AbstractBeanFactory.java:201) ~[spring-beans-7.0.6.jar:7.0.6]
	at org.springframework.context.support.AbstractApplicationContext.finishBeanFactoryInitialization(AbstractApplicationContext.java:977) ~[spring-context-7.0.6.jar:7.0.6]
	at org.springframework.context.support.AbstractApplicationContext.refresh(AbstractApplicationContext.java:621) ~[spring-context-7.0.6.jar:7.0.6]
	at org.springframework.boot.web.server.servlet.context.ServletWebServerApplicationContext.refresh(ServletWebServerApplicationContext.java:143) ~[spring-boot-web-server-4.0.4.jar:4.0.4]
	at org.springframework.boot.SpringApplication.refresh(SpringApplication.java:756) ~[spring-boot-4.0.4.jar:4.0.4]
	at org.springframework.boot.SpringApplication.refreshContext(SpringApplication.java:445) ~[spring-boot-4.0.4.jar:4.0.4]
	at org.springframework.boot.SpringApplication.run(SpringApplication.java:321) ~[spring-boot-4.0.4.jar:4.0.4]
	at org.springframework.boot.test.context.SpringBootContextLoader.lambda$loadContext$2(SpringBootContextLoader.java:155) ~[spring-boot-test-4.0.4.jar:4.0.4]
	at org.springframework.util.function.ThrowingSupplier.get(ThrowingSupplier.java:58) ~[spring-core-7.0.6.jar:7.0.6]
	at org.springframework.util.function.ThrowingSupplier.get(ThrowingSupplier.java:46) ~[spring-core-7.0.6.jar:7.0.6]
	at org.springframework.boot.SpringApplication.withHook(SpringApplication.java:1465) ~[spring-boot-4.0.4.jar:4.0.4]
	at org.springframework.boot.test.context.SpringBootContextLoader$ContextLoaderHook.run(SpringBootContextLoader.java:600) ~[spring-boot-test-4.0.4.jar:4.0.4]
	at org.springframework.boot.test.context.SpringBootContextLoader.loadContext(SpringBootContextLoader.java:155) ~[spring-boot-test-4.0.4.jar:4.0.4]
	at org.springframework.boot.test.context.SpringBootContextLoader.loadContext(SpringBootContextLoader.java:114) ~[spring-boot-test-4.0.4.jar:4.0.4]
	at org.springframework.test.context.cache.DefaultCacheAwareContextLoaderDelegate.loadContextInternal(DefaultCacheAwareContextLoaderDelegate.java:247) ~[spring-test-7.0.6.jar:7.0.6]
	at org.springframework.test.context.cache.DefaultCacheAwareContextLoaderDelegate.lambda$loadContext$0(DefaultCacheAwareContextLoaderDelegate.java:167) ~[spring-test-7.0.6.jar:7.0.6]
	at org.springframework.test.context.cache.DefaultContextCache.put(DefaultContextCache.java:214) ~[spring-test-7.0.6.jar:7.0.6]
	at org.springframework.test.context.cache.DefaultCacheAwareContextLoaderDelegate.loadContext(DefaultCacheAwareContextLoaderDelegate.java:160) ~[spring-test-7.0.6.jar:7.0.6]
	at org.springframework.test.context.support.DefaultTestContext.getApplicationContext(DefaultTestContext.java:128) ~[spring-test-7.0.6.jar:7.0.6]
	at org.springframework.test.context.support.DependencyInjectionTestExecutionListener.injectDependencies(DependencyInjectionTestExecutionListener.java:156) ~[spring-test-7.0.6.jar:7.0.6]
	at org.springframework.test.context.support.DependencyInjectionTestExecutionListener.prepareTestInstance(DependencyInjectionTestExecutionListener.java:111) ~[spring-test-7.0.6.jar:7.0.6]
	at org.springframework.test.context.TestContextManager.prepareTestInstance(TestContextManager.java:260) ~[spring-test-7.0.6.jar:7.0.6]
	at org.springframework.test.context.junit.jupiter.SpringExtension.postProcessTestInstance(SpringExtension.java:210) ~[spring-test-7.0.6.jar:7.0.6]
	at org.junit.jupiter.engine.descriptor.ClassBasedTestDescriptor.lambda$invokeTestInstancePostProcessors$1(ClassBasedTestDescriptor.java:423) ~[junit-jupiter-engine-6.0.3.jar:6.0.3]
	at org.junit.jupiter.engine.descriptor.ClassBasedTestDescriptor.executeAndMaskThrowable(ClassBasedTestDescriptor.java:428) ~[junit-jupiter-engine-6.0.3.jar:6.0.3]
	at org.junit.jupiter.engine.descriptor.ClassBasedTestDescriptor.lambda$invokeTestInstancePostProcessors$0(ClassBasedTestDescriptor.java:422) ~[junit-jupiter-engine-6.0.3.jar:6.0.3]
	at java.base/java.util.stream.ForEachOps$ForEachOp$OfRef.accept(ForEachOps.java:186) ~[na:na]
	at java.base/java.util.stream.ReferencePipeline$3$1.accept(ReferencePipeline.java:214) ~[na:na]
	at java.base/java.util.stream.ReferencePipeline$2$1.accept(ReferencePipeline.java:197) ~[na:na]
	at java.base/java.util.stream.ReferencePipeline$3$1.accept(ReferencePipeline.java:214) ~[na:na]
	at java.base/java.util.ArrayList$ArrayListSpliterator.forEachRemaining(ArrayList.java:1716) ~[na:na]
	at java.base/java.util.stream.AbstractPipeline.copyInto(AbstractPipeline.java:570) ~[na:na]
	at java.base/java.util.stream.AbstractPipeline.wrapAndCopyInto(AbstractPipeline.java:560) ~[na:na]
	at java.base/java.util.stream.ForEachOps$ForEachOp.evaluateSequential(ForEachOps.java:153) ~[na:na]
	at java.base/java.util.stream.ForEachOps$ForEachOp$OfRef.evaluateSequential(ForEachOps.java:176) ~[na:na]
	at java.base/java.util.stream.AbstractPipeline.evaluate(AbstractPipeline.java:265) ~[na:na]
	at java.base/java.util.stream.ReferencePipeline.forEach(ReferencePipeline.java:632) ~[na:na]
	at org.junit.jupiter.engine.descriptor.ClassBasedTestDescriptor.invokeTestInstancePostProcessors(ClassBasedTestDescriptor.java:422) ~[junit-jupiter-engine-6.0.3.jar:6.0.3]
	at org.junit.jupiter.engine.descriptor.ClassBasedTestDescriptor.lambda$instantiateAndPostProcessTestInstance$0(ClassBasedTestDescriptor.java:334) ~[junit-jupiter-engine-6.0.3.jar:6.0.3]
	at org.junit.platform.engine.support.hierarchical.ThrowableCollector.execute(ThrowableCollector.java:74) ~[junit-platform-engine-6.0.3.jar:6.0.3]
	at org.junit.jupiter.engine.descriptor.ClassBasedTestDescriptor.instantiateAndPostProcessTestInstance(ClassBasedTestDescriptor.java:333) ~[junit-jupiter-engine-6.0.3.jar:6.0.3]
	at org.junit.jupiter.engine.descriptor.ClassBasedTestDescriptor.lambda$testInstancesProvider$1(ClassBasedTestDescriptor.java:322) ~[junit-jupiter-engine-6.0.3.jar:6.0.3]
	at java.base/java.util.Optional.orElseGet(Optional.java:364) ~[na:na]
	at org.junit.jupiter.engine.descriptor.ClassBasedTestDescriptor.lambda$testInstancesProvider$0(ClassBasedTestDescriptor.java:321) ~[junit-jupiter-engine-6.0.3.jar:6.0.3]
	at org.junit.jupiter.engine.execution.TestInstancesProvider.getTestInstances(TestInstancesProvider.java:27) ~[junit-jupiter-engine-6.0.3.jar:6.0.3]
	at org.junit.jupiter.engine.descriptor.TestMethodTestDescriptor.lambda$prepare$0(TestMethodTestDescriptor.java:127) ~[junit-jupiter-engine-6.0.3.jar:6.0.3]
	at org.junit.platform.engine.support.hierarchical.ThrowableCollector.execute(ThrowableCollector.java:74) ~[junit-platform-engine-6.0.3.jar:6.0.3]
	at org.junit.jupiter.engine.descriptor.TestMethodTestDescriptor.prepare(TestMethodTestDescriptor.java:126) ~[junit-jupiter-engine-6.0.3.jar:6.0.3]
	at org.junit.jupiter.engine.descriptor.TestMethodTestDescriptor.prepare(TestMethodTestDescriptor.java:70) ~[junit-jupiter-engine-6.0.3.jar:6.0.3]
	at org.junit.platform.engine.support.hierarchical.NodeTestTask.lambda$prepare$0(NodeTestTask.java:144) ~[junit-platform-engine-6.0.3.jar:6.0.3]
	at org.junit.platform.engine.support.hierarchical.ThrowableCollector.execute(ThrowableCollector.java:74) ~[junit-platform-engine-6.0.3.jar:6.0.3]
	at org.junit.platform.engine.support.hierarchical.NodeTestTask.prepare(NodeTestTask.java:144) ~[junit-platform-engine-6.0.3.jar:6.0.3]
	at org.junit.platform.engine.support.hierarchical.NodeTestTask.execute(NodeTestTask.java:110) ~[junit-platform-engine-6.0.3.jar:6.0.3]
	at java.base/java.util.ArrayList.forEach(ArrayList.java:1604) ~[na:na]
	at org.junit.platform.engine.support.hierarchical.SameThreadHierarchicalTestExecutorService.invokeAll(SameThreadHierarchicalTestExecutorService.java:42) ~[junit-platform-engine-6.0.3.jar:6.0.3]
	at org.junit.platform.engine.support.hierarchical.NodeTestTask.lambda$executeRecursively$2(NodeTestTask.java:180) ~[junit-platform-engine-6.0.3.jar:6.0.3]
	at org.junit.platform.engine.support.hierarchical.ThrowableCollector.execute(ThrowableCollector.java:74) ~[junit-platform-engine-6.0.3.jar:6.0.3]
	at org.junit.platform.engine.support.hierarchical.NodeTestTask.lambda$executeRecursively$1(NodeTestTask.java:166) ~[junit-platform-engine-6.0.3.jar:6.0.3]
	at org.junit.platform.engine.support.hierarchical.Node.around(Node.java:138) ~[junit-platform-engine-6.0.3.jar:6.0.3]
	at org.junit.platform.engine.support.hierarchical.NodeTestTask.lambda$executeRecursively$0(NodeTestTask.java:164) ~[junit-platform-engine-6.0.3.jar:6.0.3]
	at org.junit.platform.engine.support.hierarchical.ThrowableCollector.execute(ThrowableCollector.java:74) ~[junit-platform-engine-6.0.3.jar:6.0.3]
	at org.junit.platform.engine.support.hierarchical.NodeTestTask.executeRecursively(NodeTestTask.java:163) ~[junit-platform-engine-6.0.3.jar:6.0.3]
	at org.junit.platform.engine.support.hierarchical.NodeTestTask.execute(NodeTestTask.java:116) ~[junit-platform-engine-6.0.3.jar:6.0.3]
	at java.base/java.util.ArrayList.forEach(ArrayList.java:1604) ~[na:na]
	at org.junit.platform.engine.support.hierarchical.SameThreadHierarchicalTestExecutorService.invokeAll(SameThreadHierarchicalTestExecutorService.java:42) ~[junit-platform-engine-6.0.3.jar:6.0.3]
	at org.junit.platform.engine.support.hierarchical.NodeTestTask.lambda$executeRecursively$2(NodeTestTask.java:180) ~[junit-platform-engine-6.0.3.jar:6.0.3]
	at org.junit.platform.engine.support.hierarchical.ThrowableCollector.execute(ThrowableCollector.java:74) ~[junit-platform-engine-6.0.3.jar:6.0.3]
	at org.junit.platform.engine.support.hierarchical.NodeTestTask.lambda$executeRecursively$1(NodeTestTask.java:166) ~[junit-platform-engine-6.0.3.jar:6.0.3]
	at org.junit.platform.engine.support.hierarchical.Node.around(Node.java:138) ~[junit-platform-engine-6.0.3.jar:6.0.3]
	at org.junit.platform.engine.support.hierarchical.NodeTestTask.lambda$executeRecursively$0(NodeTestTask.java:164) ~[junit-platform-engine-6.0.3.jar:6.0.3]
	at org.junit.platform.engine.support.hierarchical.ThrowableCollector.execute(ThrowableCollector.java:74) ~[junit-platform-engine-6.0.3.jar:6.0.3]
	at org.junit.platform.engine.support.hierarchical.NodeTestTask.executeRecursively(NodeTestTask.java:163) ~[junit-platform-engine-6.0.3.jar:6.0.3]
	at org.junit.platform.engine.support.hierarchical.NodeTestTask.execute(NodeTestTask.java:116) ~[junit-platform-engine-6.0.3.jar:6.0.3]
	at org.junit.platform.engine.support.hierarchical.SameThreadHierarchicalTestExecutorService.submit(SameThreadHierarchicalTestExecutorService.java:36) ~[junit-platform-engine-6.0.3.jar:6.0.3]
	at org.junit.platform.engine.support.hierarchical.HierarchicalTestExecutor.execute(HierarchicalTestExecutor.java:52) ~[junit-platform-engine-6.0.3.jar:6.0.3]
	at org.junit.platform.engine.support.hierarchical.HierarchicalTestEngine.execute(HierarchicalTestEngine.java:58) ~[junit-platform-engine-6.0.3.jar:6.0.3]
	at org.junit.platform.launcher.core.EngineExecutionOrchestrator.executeEngine(EngineExecutionOrchestrator.java:246) ~[junit-platform-launcher-6.0.3.jar:6.0.3]
	at org.junit.platform.launcher.core.EngineExecutionOrchestrator.failOrExecuteEngine(EngineExecutionOrchestrator.java:218) ~[junit-platform-launcher-6.0.3.jar:6.0.3]
	at org.junit.platform.launcher.core.EngineExecutionOrchestrator.execute(EngineExecutionOrchestrator.java:179) ~[junit-platform-launcher-6.0.3.jar:6.0.3]
	at org.junit.platform.launcher.core.EngineExecutionOrchestrator.execute(EngineExecutionOrchestrator.java:108) ~[junit-platform-launcher-6.0.3.jar:6.0.3]
	at org.junit.platform.launcher.core.EngineExecutionOrchestrator.lambda$execute$0(EngineExecutionOrchestrator.java:66) ~[junit-platform-launcher-6.0.3.jar:6.0.3]
	at org.junit.platform.launcher.core.EngineExecutionOrchestrator.withInterceptedStreams(EngineExecutionOrchestrator.java:157) ~[junit-platform-launcher-6.0.3.jar:6.0.3]
	at org.junit.platform.launcher.core.EngineExecutionOrchestrator.execute(EngineExecutionOrchestrator.java:65) ~[junit-platform-launcher-6.0.3.jar:6.0.3]
	at org.junit.platform.launcher.core.DefaultLauncher.execute(DefaultLauncher.java:125) ~[junit-platform-launcher-6.0.3.jar:6.0.3]
	at org.junit.platform.launcher.core.DefaultLauncher.execute(DefaultLauncher.java:114) ~[junit-platform-launcher-6.0.3.jar:6.0.3]
	at org.junit.platform.launcher.core.DefaultLauncher.execute(DefaultLauncher.java:93) ~[junit-platform-launcher-6.0.3.jar:6.0.3]
	at org.junit.platform.launcher.core.DelegatingLauncher.execute(DelegatingLauncher.java:48) ~[junit-platform-launcher-6.0.3.jar:6.0.3]
	at org.junit.platform.launcher.core.InterceptingLauncher.lambda$execute$0(InterceptingLauncher.java:41) ~[junit-platform-launcher-6.0.3.jar:6.0.3]
	at org.junit.platform.launcher.core.ClasspathAlignmentCheckingLauncherInterceptor.intercept(ClasspathAlignmentCheckingLauncherInterceptor.java:25) ~[junit-platform-launcher-6.0.3.jar:6.0.3]
	at org.junit.platform.launcher.core.InterceptingLauncher.execute(InterceptingLauncher.java:40) ~[junit-platform-launcher-6.0.3.jar:6.0.3]
	at org.junit.platform.launcher.core.DelegatingLauncher.execute(DelegatingLauncher.java:48) ~[junit-platform-launcher-6.0.3.jar:6.0.3]
	at org.junit.platform.launcher.core.SessionPerRequestLauncher.execute(SessionPerRequestLauncher.java:67) ~[junit-platform-launcher-6.0.3.jar:6.0.3]
	at com.intellij.junit6.JUnit6IdeaTestRunner.startRunnerWithArgs(JUnit6IdeaTestRunner.java:67) ~[junit6-rt.jar:na]
	at com.intellij.rt.junit.IdeaTestRunner$Repeater$1.execute(IdeaTestRunner.java:38) ~[junit-rt.jar:na]
	at com.intellij.rt.execution.junit.TestsRepeater.repeat(TestsRepeater.java:11) ~[idea_rt.jar:na]
	at com.intellij.rt.junit.IdeaTestRunner$Repeater.startRunnerWithArgs(IdeaTestRunner.java:35) ~[junit-rt.jar:na]
	at com.intellij.rt.junit.JUnitStarter.prepareStreamsAndStart(JUnitStarter.java:237) ~[junit-rt.jar:na]
	at com.intellij.rt.junit.JUnitStarter.main(JUnitStarter.java:58) ~[junit-rt.jar:na]
Caused by: org.postgresql.util.PSQLException: ERROR: syntax error at or near "order"
  Position: 14
	at org.postgresql.core.v3.QueryExecutorImpl.receiveErrorResponse(QueryExecutorImpl.java:2875) ~[postgresql-42.7.10.jar:42.7.10]
	at org.postgresql.core.v3.QueryExecutorImpl.processResults(QueryExecutorImpl.java:2560) ~[postgresql-42.7.10.jar:42.7.10]
	at org.postgresql.core.v3.QueryExecutorImpl.execute(QueryExecutorImpl.java:429) ~[postgresql-42.7.10.jar:42.7.10]
	at org.postgresql.jdbc.PgStatement.executeInternal(PgStatement.java:526) ~[postgresql-42.7.10.jar:42.7.10]
	at org.postgresql.jdbc.PgStatement.execute(PgStatement.java:436) ~[postgresql-42.7.10.jar:42.7.10]
	at org.postgresql.jdbc.PgStatement.executeWithFlags(PgStatement.java:358) ~[postgresql-42.7.10.jar:42.7.10]
	at org.postgresql.jdbc.PgStatement.executeCachedSql(PgStatement.java:343) ~[postgresql-42.7.10.jar:42.7.10]
	at org.postgresql.jdbc.PgStatement.executeWithFlags(PgStatement.java:319) ~[postgresql-42.7.10.jar:42.7.10]
	at org.postgresql.jdbc.PgStatement.execute(PgStatement.java:314) ~[postgresql-42.7.10.jar:42.7.10]
	at com.zaxxer.hikari.pool.ProxyStatement.execute(ProxyStatement.java:95) ~[HikariCP-7.0.2.jar:na]
	at com.zaxxer.hikari.pool.HikariProxyStatement.execute(HikariProxyStatement.java) ~[HikariCP-7.0.2.jar:na]
	at org.hibernate.tool.schema.internal.exec.GenerationTargetToDatabase.accept(GenerationTargetToDatabase.java:76) ~[hibernate-core-7.2.7.Final.jar:7.2.7.Final]
	... 126 common frames omitted

2026-03-25T10:22:39.941+01:00  WARN 12224 --- [Projet-API-Pizza] [main] o.h.t.s.i.ExceptionHandlerLoggedImpl     : GenerationTarget encountered exception accepting command : Error executing DDL "alter table if exists order add constraint FK2s2o4pp0aypkituqk2ojbhrvv foreign key (pizzas_id) references pizza" via JDBC [ERROR: syntax error at or near "order"
  Position: 23]

org.hibernate.tool.schema.spi.CommandAcceptanceException: Error executing DDL "alter table if exists order add constraint FK2s2o4pp0aypkituqk2ojbhrvv foreign key (pizzas_id) references pizza" via JDBC [ERROR: syntax error at or near "order"
  Position: 23]
	at org.hibernate.tool.schema.internal.exec.GenerationTargetToDatabase.accept(GenerationTargetToDatabase.java:81) ~[hibernate-core-7.2.7.Final.jar:7.2.7.Final]
	at org.hibernate.tool.schema.internal.AbstractSchemaMigrator.applySqlString(AbstractSchemaMigrator.java:566) ~[hibernate-core-7.2.7.Final.jar:7.2.7.Final]
	at org.hibernate.tool.schema.internal.AbstractSchemaMigrator.applySqlStrings(AbstractSchemaMigrator.java:506) ~[hibernate-core-7.2.7.Final.jar:7.2.7.Final]
	at org.hibernate.tool.schema.internal.AbstractSchemaMigrator.applyForeignKeys(AbstractSchemaMigrator.java:438) ~[hibernate-core-7.2.7.Final.jar:7.2.7.Final]
	at org.hibernate.tool.schema.internal.AbstractSchemaMigrator.performMigration(AbstractSchemaMigrator.java:256) ~[hibernate-core-7.2.7.Final.jar:7.2.7.Final]
	at org.hibernate.tool.schema.internal.AbstractSchemaMigrator.doMigration(AbstractSchemaMigrator.java:96) ~[hibernate-core-7.2.7.Final.jar:7.2.7.Final]
	at org.hibernate.tool.schema.spi.SchemaManagementToolCoordinator.performDatabaseAction(SchemaManagementToolCoordinator.java:269) ~[hibernate-core-7.2.7.Final.jar:7.2.7.Final]
	at org.hibernate.tool.schema.spi.SchemaManagementToolCoordinator.lambda$process$1(SchemaManagementToolCoordinator.java:101) ~[hibernate-core-7.2.7.Final.jar:7.2.7.Final]
	at java.base/java.util.HashMap.forEach(HashMap.java:1430) ~[na:na]
	at org.hibernate.tool.schema.spi.SchemaManagementToolCoordinator.process(SchemaManagementToolCoordinator.java:100) ~[hibernate-core-7.2.7.Final.jar:7.2.7.Final]
	at org.hibernate.boot.internal.SessionFactoryObserverForSchemaExport.sessionFactoryCreated(SessionFactoryObserverForSchemaExport.java:35) ~[hibernate-core-7.2.7.Final.jar:7.2.7.Final]
	at org.hibernate.internal.SessionFactoryObserverChain.sessionFactoryCreated(SessionFactoryObserverChain.java:33) ~[hibernate-core-7.2.7.Final.jar:7.2.7.Final]
	at org.hibernate.internal.SessionFactoryImpl.<init>(SessionFactoryImpl.java:323) ~[hibernate-core-7.2.7.Final.jar:7.2.7.Final]
	at org.hibernate.internal.SessionFactoryRegistry.instantiateSessionFactory(SessionFactoryRegistry.java:64) ~[hibernate-core-7.2.7.Final.jar:7.2.7.Final]
	at org.hibernate.boot.internal.SessionFactoryBuilderImpl.build(SessionFactoryBuilderImpl.java:437) ~[hibernate-core-7.2.7.Final.jar:7.2.7.Final]
	at org.hibernate.jpa.boot.internal.EntityManagerFactoryBuilderImpl.build(EntityManagerFactoryBuilderImpl.java:1456) ~[hibernate-core-7.2.7.Final.jar:7.2.7.Final]
	at org.springframework.orm.jpa.vendor.SpringHibernateJpaPersistenceProvider.createContainerEntityManagerFactory(SpringHibernateJpaPersistenceProvider.java:93) ~[spring-orm-7.0.6.jar:7.0.6]
	at org.springframework.orm.jpa.LocalContainerEntityManagerFactoryBean.createNativeEntityManagerFactory(LocalContainerEntityManagerFactoryBean.java:443) ~[spring-orm-7.0.6.jar:7.0.6]
	at org.springframework.orm.jpa.AbstractEntityManagerFactoryBean.buildNativeEntityManagerFactory(AbstractEntityManagerFactoryBean.java:436) ~[spring-orm-7.0.6.jar:7.0.6]
	at org.springframework.orm.jpa.AbstractEntityManagerFactoryBean.afterPropertiesSet(AbstractEntityManagerFactoryBean.java:411) ~[spring-orm-7.0.6.jar:7.0.6]
	at org.springframework.orm.jpa.LocalContainerEntityManagerFactoryBean.afterPropertiesSet(LocalContainerEntityManagerFactoryBean.java:419) ~[spring-orm-7.0.6.jar:7.0.6]
	at org.springframework.beans.factory.support.AbstractAutowireCapableBeanFactory.invokeInitMethods(AbstractAutowireCapableBeanFactory.java:1864) ~[spring-beans-7.0.6.jar:7.0.6]
	at org.springframework.beans.factory.support.AbstractAutowireCapableBeanFactory.initializeBean(AbstractAutowireCapableBeanFactory.java:1813) ~[spring-beans-7.0.6.jar:7.0.6]
	at org.springframework.beans.factory.support.AbstractAutowireCapableBeanFactory.doCreateBean(AbstractAutowireCapableBeanFactory.java:603) ~[spring-beans-7.0.6.jar:7.0.6]
	at org.springframework.beans.factory.support.AbstractAutowireCapableBeanFactory.createBean(AbstractAutowireCapableBeanFactory.java:525) ~[spring-beans-7.0.6.jar:7.0.6]
	at org.springframework.beans.factory.support.AbstractBeanFactory.lambda$doGetBean$0(AbstractBeanFactory.java:333) ~[spring-beans-7.0.6.jar:7.0.6]
	at org.springframework.beans.factory.support.DefaultSingletonBeanRegistry.getSingleton(DefaultSingletonBeanRegistry.java:371) ~[spring-beans-7.0.6.jar:7.0.6]
	at org.springframework.beans.factory.support.AbstractBeanFactory.doGetBean(AbstractBeanFactory.java:331) ~[spring-beans-7.0.6.jar:7.0.6]
	at org.springframework.beans.factory.support.AbstractBeanFactory.getBean(AbstractBeanFactory.java:201) ~[spring-beans-7.0.6.jar:7.0.6]
	at org.springframework.context.support.AbstractApplicationContext.finishBeanFactoryInitialization(AbstractApplicationContext.java:977) ~[spring-context-7.0.6.jar:7.0.6]
	at org.springframework.context.support.AbstractApplicationContext.refresh(AbstractApplicationContext.java:621) ~[spring-context-7.0.6.jar:7.0.6]
	at org.springframework.boot.web.server.servlet.context.ServletWebServerApplicationContext.refresh(ServletWebServerApplicationContext.java:143) ~[spring-boot-web-server-4.0.4.jar:4.0.4]
	at org.springframework.boot.SpringApplication.refresh(SpringApplication.java:756) ~[spring-boot-4.0.4.jar:4.0.4]
	at org.springframework.boot.SpringApplication.refreshContext(SpringApplication.java:445) ~[spring-boot-4.0.4.jar:4.0.4]
	at org.springframework.boot.SpringApplication.run(SpringApplication.java:321) ~[spring-boot-4.0.4.jar:4.0.4]
	at org.springframework.boot.test.context.SpringBootContextLoader.lambda$loadContext$2(SpringBootContextLoader.java:155) ~[spring-boot-test-4.0.4.jar:4.0.4]
	at org.springframework.util.function.ThrowingSupplier.get(ThrowingSupplier.java:58) ~[spring-core-7.0.6.jar:7.0.6]
	at org.springframework.util.function.ThrowingSupplier.get(ThrowingSupplier.java:46) ~[spring-core-7.0.6.jar:7.0.6]
	at org.springframework.boot.SpringApplication.withHook(SpringApplication.java:1465) ~[spring-boot-4.0.4.jar:4.0.4]
	at org.springframework.boot.test.context.SpringBootContextLoader$ContextLoaderHook.run(SpringBootContextLoader.java:600) ~[spring-boot-test-4.0.4.jar:4.0.4]
	at org.springframework.boot.test.context.SpringBootContextLoader.loadContext(SpringBootContextLoader.java:155) ~[spring-boot-test-4.0.4.jar:4.0.4]
	at org.springframework.boot.test.context.SpringBootContextLoader.loadContext(SpringBootContextLoader.java:114) ~[spring-boot-test-4.0.4.jar:4.0.4]
	at org.springframework.test.context.cache.DefaultCacheAwareContextLoaderDelegate.loadContextInternal(DefaultCacheAwareContextLoaderDelegate.java:247) ~[spring-test-7.0.6.jar:7.0.6]
	at org.springframework.test.context.cache.DefaultCacheAwareContextLoaderDelegate.lambda$loadContext$0(DefaultCacheAwareContextLoaderDelegate.java:167) ~[spring-test-7.0.6.jar:7.0.6]
	at org.springframework.test.context.cache.DefaultContextCache.put(DefaultContextCache.java:214) ~[spring-test-7.0.6.jar:7.0.6]
	at org.springframework.test.context.cache.DefaultCacheAwareContextLoaderDelegate.loadContext(DefaultCacheAwareContextLoaderDelegate.java:160) ~[spring-test-7.0.6.jar:7.0.6]
	at org.springframework.test.context.support.DefaultTestContext.getApplicationContext(DefaultTestContext.java:128) ~[spring-test-7.0.6.jar:7.0.6]
	at org.springframework.test.context.support.DependencyInjectionTestExecutionListener.injectDependencies(DependencyInjectionTestExecutionListener.java:156) ~[spring-test-7.0.6.jar:7.0.6]
	at org.springframework.test.context.support.DependencyInjectionTestExecutionListener.prepareTestInstance(DependencyInjectionTestExecutionListener.java:111) ~[spring-test-7.0.6.jar:7.0.6]
	at org.springframework.test.context.TestContextManager.prepareTestInstance(TestContextManager.java:260) ~[spring-test-7.0.6.jar:7.0.6]
	at org.springframework.test.context.junit.jupiter.SpringExtension.postProcessTestInstance(SpringExtension.java:210) ~[spring-test-7.0.6.jar:7.0.6]
	at org.junit.jupiter.engine.descriptor.ClassBasedTestDescriptor.lambda$invokeTestInstancePostProcessors$1(ClassBasedTestDescriptor.java:423) ~[junit-jupiter-engine-6.0.3.jar:6.0.3]
	at org.junit.jupiter.engine.descriptor.ClassBasedTestDescriptor.executeAndMaskThrowable(ClassBasedTestDescriptor.java:428) ~[junit-jupiter-engine-6.0.3.jar:6.0.3]
	at org.junit.jupiter.engine.descriptor.ClassBasedTestDescriptor.lambda$invokeTestInstancePostProcessors$0(ClassBasedTestDescriptor.java:422) ~[junit-jupiter-engine-6.0.3.jar:6.0.3]
	at java.base/java.util.stream.ForEachOps$ForEachOp$OfRef.accept(ForEachOps.java:186) ~[na:na]
	at java.base/java.util.stream.ReferencePipeline$3$1.accept(ReferencePipeline.java:214) ~[na:na]
	at java.base/java.util.stream.ReferencePipeline$2$1.accept(ReferencePipeline.java:197) ~[na:na]
	at java.base/java.util.stream.ReferencePipeline$3$1.accept(ReferencePipeline.java:214) ~[na:na]
	at java.base/java.util.ArrayList$ArrayListSpliterator.forEachRemaining(ArrayList.java:1716) ~[na:na]
	at java.base/java.util.stream.AbstractPipeline.copyInto(AbstractPipeline.java:570) ~[na:na]
	at java.base/java.util.stream.AbstractPipeline.wrapAndCopyInto(AbstractPipeline.java:560) ~[na:na]
	at java.base/java.util.stream.ForEachOps$ForEachOp.evaluateSequential(ForEachOps.java:153) ~[na:na]
	at java.base/java.util.stream.ForEachOps$ForEachOp$OfRef.evaluateSequential(ForEachOps.java:176) ~[na:na]
	at java.base/java.util.stream.AbstractPipeline.evaluate(AbstractPipeline.java:265) ~[na:na]
	at java.base/java.util.stream.ReferencePipeline.forEach(ReferencePipeline.java:632) ~[na:na]
	at org.junit.jupiter.engine.descriptor.ClassBasedTestDescriptor.invokeTestInstancePostProcessors(ClassBasedTestDescriptor.java:422) ~[junit-jupiter-engine-6.0.3.jar:6.0.3]
	at org.junit.jupiter.engine.descriptor.ClassBasedTestDescriptor.lambda$instantiateAndPostProcessTestInstance$0(ClassBasedTestDescriptor.java:334) ~[junit-jupiter-engine-6.0.3.jar:6.0.3]
	at org.junit.platform.engine.support.hierarchical.ThrowableCollector.execute(ThrowableCollector.java:74) ~[junit-platform-engine-6.0.3.jar:6.0.3]
	at org.junit.jupiter.engine.descriptor.ClassBasedTestDescriptor.instantiateAndPostProcessTestInstance(ClassBasedTestDescriptor.java:333) ~[junit-jupiter-engine-6.0.3.jar:6.0.3]
	at org.junit.jupiter.engine.descriptor.ClassBasedTestDescriptor.lambda$testInstancesProvider$1(ClassBasedTestDescriptor.java:322) ~[junit-jupiter-engine-6.0.3.jar:6.0.3]
	at java.base/java.util.Optional.orElseGet(Optional.java:364) ~[na:na]
	at org.junit.jupiter.engine.descriptor.ClassBasedTestDescriptor.lambda$testInstancesProvider$0(ClassBasedTestDescriptor.java:321) ~[junit-jupiter-engine-6.0.3.jar:6.0.3]
	at org.junit.jupiter.engine.execution.TestInstancesProvider.getTestInstances(TestInstancesProvider.java:27) ~[junit-jupiter-engine-6.0.3.jar:6.0.3]
	at org.junit.jupiter.engine.descriptor.TestMethodTestDescriptor.lambda$prepare$0(TestMethodTestDescriptor.java:127) ~[junit-jupiter-engine-6.0.3.jar:6.0.3]
	at org.junit.platform.engine.support.hierarchical.ThrowableCollector.execute(ThrowableCollector.java:74) ~[junit-platform-engine-6.0.3.jar:6.0.3]
	at org.junit.jupiter.engine.descriptor.TestMethodTestDescriptor.prepare(TestMethodTestDescriptor.java:126) ~[junit-jupiter-engine-6.0.3.jar:6.0.3]
	at org.junit.jupiter.engine.descriptor.TestMethodTestDescriptor.prepare(TestMethodTestDescriptor.java:70) ~[junit-jupiter-engine-6.0.3.jar:6.0.3]
	at org.junit.platform.engine.support.hierarchical.NodeTestTask.lambda$prepare$0(NodeTestTask.java:144) ~[junit-platform-engine-6.0.3.jar:6.0.3]
	at org.junit.platform.engine.support.hierarchical.ThrowableCollector.execute(ThrowableCollector.java:74) ~[junit-platform-engine-6.0.3.jar:6.0.3]
	at org.junit.platform.engine.support.hierarchical.NodeTestTask.prepare(NodeTestTask.java:144) ~[junit-platform-engine-6.0.3.jar:6.0.3]
	at org.junit.platform.engine.support.hierarchical.NodeTestTask.execute(NodeTestTask.java:110) ~[junit-platform-engine-6.0.3.jar:6.0.3]
	at java.base/java.util.ArrayList.forEach(ArrayList.java:1604) ~[na:na]
	at org.junit.platform.engine.support.hierarchical.SameThreadHierarchicalTestExecutorService.invokeAll(SameThreadHierarchicalTestExecutorService.java:42) ~[junit-platform-engine-6.0.3.jar:6.0.3]
	at org.junit.platform.engine.support.hierarchical.NodeTestTask.lambda$executeRecursively$2(NodeTestTask.java:180) ~[junit-platform-engine-6.0.3.jar:6.0.3]
	at org.junit.platform.engine.support.hierarchical.ThrowableCollector.execute(ThrowableCollector.java:74) ~[junit-platform-engine-6.0.3.jar:6.0.3]
	at org.junit.platform.engine.support.hierarchical.NodeTestTask.lambda$executeRecursively$1(NodeTestTask.java:166) ~[junit-platform-engine-6.0.3.jar:6.0.3]
	at org.junit.platform.engine.support.hierarchical.Node.around(Node.java:138) ~[junit-platform-engine-6.0.3.jar:6.0.3]
	at org.junit.platform.engine.support.hierarchical.NodeTestTask.lambda$executeRecursively$0(NodeTestTask.java:164) ~[junit-platform-engine-6.0.3.jar:6.0.3]
	at org.junit.platform.engine.support.hierarchical.ThrowableCollector.execute(ThrowableCollector.java:74) ~[junit-platform-engine-6.0.3.jar:6.0.3]
	at org.junit.platform.engine.support.hierarchical.NodeTestTask.executeRecursively(NodeTestTask.java:163) ~[junit-platform-engine-6.0.3.jar:6.0.3]
	at org.junit.platform.engine.support.hierarchical.NodeTestTask.execute(NodeTestTask.java:116) ~[junit-platform-engine-6.0.3.jar:6.0.3]
	at java.base/java.util.ArrayList.forEach(ArrayList.java:1604) ~[na:na]
	at org.junit.platform.engine.support.hierarchical.SameThreadHierarchicalTestExecutorService.invokeAll(SameThreadHierarchicalTestExecutorService.java:42) ~[junit-platform-engine-6.0.3.jar:6.0.3]
	at org.junit.platform.engine.support.hierarchical.NodeTestTask.lambda$executeRecursively$2(NodeTestTask.java:180) ~[junit-platform-engine-6.0.3.jar:6.0.3]
	at org.junit.platform.engine.support.hierarchical.ThrowableCollector.execute(ThrowableCollector.java:74) ~[junit-platform-engine-6.0.3.jar:6.0.3]
	at org.junit.platform.engine.support.hierarchical.NodeTestTask.lambda$executeRecursively$1(NodeTestTask.java:166) ~[junit-platform-engine-6.0.3.jar:6.0.3]
	at org.junit.platform.engine.support.hierarchical.Node.around(Node.java:138) ~[junit-platform-engine-6.0.3.jar:6.0.3]
	at org.junit.platform.engine.support.hierarchical.NodeTestTask.lambda$executeRecursively$0(NodeTestTask.java:164) ~[junit-platform-engine-6.0.3.jar:6.0.3]
	at org.junit.platform.engine.support.hierarchical.ThrowableCollector.execute(ThrowableCollector.java:74) ~[junit-platform-engine-6.0.3.jar:6.0.3]
	at org.junit.platform.engine.support.hierarchical.NodeTestTask.executeRecursively(NodeTestTask.java:163) ~[junit-platform-engine-6.0.3.jar:6.0.3]
	at org.junit.platform.engine.support.hierarchical.NodeTestTask.execute(NodeTestTask.java:116) ~[junit-platform-engine-6.0.3.jar:6.0.3]
	at org.junit.platform.engine.support.hierarchical.SameThreadHierarchicalTestExecutorService.submit(SameThreadHierarchicalTestExecutorService.java:36) ~[junit-platform-engine-6.0.3.jar:6.0.3]
	at org.junit.platform.engine.support.hierarchical.HierarchicalTestExecutor.execute(HierarchicalTestExecutor.java:52) ~[junit-platform-engine-6.0.3.jar:6.0.3]
	at org.junit.platform.engine.support.hierarchical.HierarchicalTestEngine.execute(HierarchicalTestEngine.java:58) ~[junit-platform-engine-6.0.3.jar:6.0.3]
	at org.junit.platform.launcher.core.EngineExecutionOrchestrator.executeEngine(EngineExecutionOrchestrator.java:246) ~[junit-platform-launcher-6.0.3.jar:6.0.3]
	at org.junit.platform.launcher.core.EngineExecutionOrchestrator.failOrExecuteEngine(EngineExecutionOrchestrator.java:218) ~[junit-platform-launcher-6.0.3.jar:6.0.3]
	at org.junit.platform.launcher.core.EngineExecutionOrchestrator.execute(EngineExecutionOrchestrator.java:179) ~[junit-platform-launcher-6.0.3.jar:6.0.3]
	at org.junit.platform.launcher.core.EngineExecutionOrchestrator.execute(EngineExecutionOrchestrator.java:108) ~[junit-platform-launcher-6.0.3.jar:6.0.3]
	at org.junit.platform.launcher.core.EngineExecutionOrchestrator.lambda$execute$0(EngineExecutionOrchestrator.java:66) ~[junit-platform-launcher-6.0.3.jar:6.0.3]
	at org.junit.platform.launcher.core.EngineExecutionOrchestrator.withInterceptedStreams(EngineExecutionOrchestrator.java:157) ~[junit-platform-launcher-6.0.3.jar:6.0.3]
	at org.junit.platform.launcher.core.EngineExecutionOrchestrator.execute(EngineExecutionOrchestrator.java:65) ~[junit-platform-launcher-6.0.3.jar:6.0.3]
	at org.junit.platform.launcher.core.DefaultLauncher.execute(DefaultLauncher.java:125) ~[junit-platform-launcher-6.0.3.jar:6.0.3]
	at org.junit.platform.launcher.core.DefaultLauncher.execute(DefaultLauncher.java:114) ~[junit-platform-launcher-6.0.3.jar:6.0.3]
	at org.junit.platform.launcher.core.DefaultLauncher.execute(DefaultLauncher.java:93) ~[junit-platform-launcher-6.0.3.jar:6.0.3]
	at org.junit.platform.launcher.core.DelegatingLauncher.execute(DelegatingLauncher.java:48) ~[junit-platform-launcher-6.0.3.jar:6.0.3]
	at org.junit.platform.launcher.core.InterceptingLauncher.lambda$execute$0(InterceptingLauncher.java:41) ~[junit-platform-launcher-6.0.3.jar:6.0.3]
	at org.junit.platform.launcher.core.ClasspathAlignmentCheckingLauncherInterceptor.intercept(ClasspathAlignmentCheckingLauncherInterceptor.java:25) ~[junit-platform-launcher-6.0.3.jar:6.0.3]
	at org.junit.platform.launcher.core.InterceptingLauncher.execute(InterceptingLauncher.java:40) ~[junit-platform-launcher-6.0.3.jar:6.0.3]
	at org.junit.platform.launcher.core.DelegatingLauncher.execute(DelegatingLauncher.java:48) ~[junit-platform-launcher-6.0.3.jar:6.0.3]
	at org.junit.platform.launcher.core.SessionPerRequestLauncher.execute(SessionPerRequestLauncher.java:67) ~[junit-platform-launcher-6.0.3.jar:6.0.3]
	at com.intellij.junit6.JUnit6IdeaTestRunner.startRunnerWithArgs(JUnit6IdeaTestRunner.java:67) ~[junit6-rt.jar:na]
	at com.intellij.rt.junit.IdeaTestRunner$Repeater$1.execute(IdeaTestRunner.java:38) ~[junit-rt.jar:na]
	at com.intellij.rt.execution.junit.TestsRepeater.repeat(TestsRepeater.java:11) ~[idea_rt.jar:na]
	at com.intellij.rt.junit.IdeaTestRunner$Repeater.startRunnerWithArgs(IdeaTestRunner.java:35) ~[junit-rt.jar:na]
	at com.intellij.rt.junit.JUnitStarter.prepareStreamsAndStart(JUnitStarter.java:237) ~[junit-rt.jar:na]
	at com.intellij.rt.junit.JUnitStarter.main(JUnitStarter.java:58) ~[junit-rt.jar:na]
Caused by: org.postgresql.util.PSQLException: ERROR: syntax error at or near "order"
  Position: 23
	at org.postgresql.core.v3.QueryExecutorImpl.receiveErrorResponse(QueryExecutorImpl.java:2875) ~[postgresql-42.7.10.jar:42.7.10]
	at org.postgresql.core.v3.QueryExecutorImpl.processResults(QueryExecutorImpl.java:2560) ~[postgresql-42.7.10.jar:42.7.10]
	at org.postgresql.core.v3.QueryExecutorImpl.execute(QueryExecutorImpl.java:429) ~[postgresql-42.7.10.jar:42.7.10]
	at org.postgresql.jdbc.PgStatement.executeInternal(PgStatement.java:526) ~[postgresql-42.7.10.jar:42.7.10]
	at org.postgresql.jdbc.PgStatement.execute(PgStatement.java:436) ~[postgresql-42.7.10.jar:42.7.10]
	at org.postgresql.jdbc.PgStatement.executeWithFlags(PgStatement.java:358) ~[postgresql-42.7.10.jar:42.7.10]
	at org.postgresql.jdbc.PgStatement.executeCachedSql(PgStatement.java:343) ~[postgresql-42.7.10.jar:42.7.10]
	at org.postgresql.jdbc.PgStatement.executeWithFlags(PgStatement.java:319) ~[postgresql-42.7.10.jar:42.7.10]
	at org.postgresql.jdbc.PgStatement.execute(PgStatement.java:314) ~[postgresql-42.7.10.jar:42.7.10]
	at com.zaxxer.hikari.pool.ProxyStatement.execute(ProxyStatement.java:95) ~[HikariCP-7.0.2.jar:na]
	at com.zaxxer.hikari.pool.HikariProxyStatement.execute(HikariProxyStatement.java) ~[HikariCP-7.0.2.jar:na]
	at org.hibernate.tool.schema.internal.exec.GenerationTargetToDatabase.accept(GenerationTargetToDatabase.java:76) ~[hibernate-core-7.2.7.Final.jar:7.2.7.Final]
	... 125 common frames omitted

2026-03-25T10:22:39.946+01:00  WARN 12224 --- [Projet-API-Pizza] [main] o.h.t.s.i.ExceptionHandlerLoggedImpl     : GenerationTarget encountered exception accepting command : Error executing DDL "alter table if exists order add constraint FKr3jxje8a3n0urb90w1yykoalc foreign key (orders_id) references customer" via JDBC [ERROR: syntax error at or near "order"
  Position: 23]

org.hibernate.tool.schema.spi.CommandAcceptanceException: Error executing DDL "alter table if exists order add constraint FKr3jxje8a3n0urb90w1yykoalc foreign key (orders_id) references customer" via JDBC [ERROR: syntax error at or near "order"
  Position: 23]
	at org.hibernate.tool.schema.internal.exec.GenerationTargetToDatabase.accept(GenerationTargetToDatabase.java:81) ~[hibernate-core-7.2.7.Final.jar:7.2.7.Final]
	at org.hibernate.tool.schema.internal.AbstractSchemaMigrator.applySqlString(AbstractSchemaMigrator.java:566) ~[hibernate-core-7.2.7.Final.jar:7.2.7.Final]
	at org.hibernate.tool.schema.internal.AbstractSchemaMigrator.applySqlStrings(AbstractSchemaMigrator.java:506) ~[hibernate-core-7.2.7.Final.jar:7.2.7.Final]
	at org.hibernate.tool.schema.internal.AbstractSchemaMigrator.applyForeignKeys(AbstractSchemaMigrator.java:438) ~[hibernate-core-7.2.7.Final.jar:7.2.7.Final]
	at org.hibernate.tool.schema.internal.AbstractSchemaMigrator.performMigration(AbstractSchemaMigrator.java:256) ~[hibernate-core-7.2.7.Final.jar:7.2.7.Final]
	at org.hibernate.tool.schema.internal.AbstractSchemaMigrator.doMigration(AbstractSchemaMigrator.java:96) ~[hibernate-core-7.2.7.Final.jar:7.2.7.Final]
	at org.hibernate.tool.schema.spi.SchemaManagementToolCoordinator.performDatabaseAction(SchemaManagementToolCoordinator.java:269) ~[hibernate-core-7.2.7.Final.jar:7.2.7.Final]
	at org.hibernate.tool.schema.spi.SchemaManagementToolCoordinator.lambda$process$1(SchemaManagementToolCoordinator.java:101) ~[hibernate-core-7.2.7.Final.jar:7.2.7.Final]
	at java.base/java.util.HashMap.forEach(HashMap.java:1430) ~[na:na]
	at org.hibernate.tool.schema.spi.SchemaManagementToolCoordinator.process(SchemaManagementToolCoordinator.java:100) ~[hibernate-core-7.2.7.Final.jar:7.2.7.Final]
	at org.hibernate.boot.internal.SessionFactoryObserverForSchemaExport.sessionFactoryCreated(SessionFactoryObserverForSchemaExport.java:35) ~[hibernate-core-7.2.7.Final.jar:7.2.7.Final]
	at org.hibernate.internal.SessionFactoryObserverChain.sessionFactoryCreated(SessionFactoryObserverChain.java:33) ~[hibernate-core-7.2.7.Final.jar:7.2.7.Final]
	at org.hibernate.internal.SessionFactoryImpl.<init>(SessionFactoryImpl.java:323) ~[hibernate-core-7.2.7.Final.jar:7.2.7.Final]
	at org.hibernate.internal.SessionFactoryRegistry.instantiateSessionFactory(SessionFactoryRegistry.java:64) ~[hibernate-core-7.2.7.Final.jar:7.2.7.Final]
	at org.hibernate.boot.internal.SessionFactoryBuilderImpl.build(SessionFactoryBuilderImpl.java:437) ~[hibernate-core-7.2.7.Final.jar:7.2.7.Final]
	at org.hibernate.jpa.boot.internal.EntityManagerFactoryBuilderImpl.build(EntityManagerFactoryBuilderImpl.java:1456) ~[hibernate-core-7.2.7.Final.jar:7.2.7.Final]
	at org.springframework.orm.jpa.vendor.SpringHibernateJpaPersistenceProvider.createContainerEntityManagerFactory(SpringHibernateJpaPersistenceProvider.java:93) ~[spring-orm-7.0.6.jar:7.0.6]
	at org.springframework.orm.jpa.LocalContainerEntityManagerFactoryBean.createNativeEntityManagerFactory(LocalContainerEntityManagerFactoryBean.java:443) ~[spring-orm-7.0.6.jar:7.0.6]
	at org.springframework.orm.jpa.AbstractEntityManagerFactoryBean.buildNativeEntityManagerFactory(AbstractEntityManagerFactoryBean.java:436) ~[spring-orm-7.0.6.jar:7.0.6]
	at org.springframework.orm.jpa.AbstractEntityManagerFactoryBean.afterPropertiesSet(AbstractEntityManagerFactoryBean.java:411) ~[spring-orm-7.0.6.jar:7.0.6]
	at org.springframework.orm.jpa.LocalContainerEntityManagerFactoryBean.afterPropertiesSet(LocalContainerEntityManagerFactoryBean.java:419) ~[spring-orm-7.0.6.jar:7.0.6]
	at org.springframework.beans.factory.support.AbstractAutowireCapableBeanFactory.invokeInitMethods(AbstractAutowireCapableBeanFactory.java:1864) ~[spring-beans-7.0.6.jar:7.0.6]
	at org.springframework.beans.factory.support.AbstractAutowireCapableBeanFactory.initializeBean(AbstractAutowireCapableBeanFactory.java:1813) ~[spring-beans-7.0.6.jar:7.0.6]
	at org.springframework.beans.factory.support.AbstractAutowireCapableBeanFactory.doCreateBean(AbstractAutowireCapableBeanFactory.java:603) ~[spring-beans-7.0.6.jar:7.0.6]
	at org.springframework.beans.factory.support.AbstractAutowireCapableBeanFactory.createBean(AbstractAutowireCapableBeanFactory.java:525) ~[spring-beans-7.0.6.jar:7.0.6]
	at org.springframework.beans.factory.support.AbstractBeanFactory.lambda$doGetBean$0(AbstractBeanFactory.java:333) ~[spring-beans-7.0.6.jar:7.0.6]
	at org.springframework.beans.factory.support.DefaultSingletonBeanRegistry.getSingleton(DefaultSingletonBeanRegistry.java:371) ~[spring-beans-7.0.6.jar:7.0.6]
	at org.springframework.beans.factory.support.AbstractBeanFactory.doGetBean(AbstractBeanFactory.java:331) ~[spring-beans-7.0.6.jar:7.0.6]
	at org.springframework.beans.factory.support.AbstractBeanFactory.getBean(AbstractBeanFactory.java:201) ~[spring-beans-7.0.6.jar:7.0.6]
	at org.springframework.context.support.AbstractApplicationContext.finishBeanFactoryInitialization(AbstractApplicationContext.java:977) ~[spring-context-7.0.6.jar:7.0.6]
	at org.springframework.context.support.AbstractApplicationContext.refresh(AbstractApplicationContext.java:621) ~[spring-context-7.0.6.jar:7.0.6]
	at org.springframework.boot.web.server.servlet.context.ServletWebServerApplicationContext.refresh(ServletWebServerApplicationContext.java:143) ~[spring-boot-web-server-4.0.4.jar:4.0.4]
	at org.springframework.boot.SpringApplication.refresh(SpringApplication.java:756) ~[spring-boot-4.0.4.jar:4.0.4]
	at org.springframework.boot.SpringApplication.refreshContext(SpringApplication.java:445) ~[spring-boot-4.0.4.jar:4.0.4]
	at org.springframework.boot.SpringApplication.run(SpringApplication.java:321) ~[spring-boot-4.0.4.jar:4.0.4]
	at org.springframework.boot.test.context.SpringBootContextLoader.lambda$loadContext$2(SpringBootContextLoader.java:155) ~[spring-boot-test-4.0.4.jar:4.0.4]
	at org.springframework.util.function.ThrowingSupplier.get(ThrowingSupplier.java:58) ~[spring-core-7.0.6.jar:7.0.6]
	at org.springframework.util.function.ThrowingSupplier.get(ThrowingSupplier.java:46) ~[spring-core-7.0.6.jar:7.0.6]
	at org.springframework.boot.SpringApplication.withHook(SpringApplication.java:1465) ~[spring-boot-4.0.4.jar:4.0.4]
	at org.springframework.boot.test.context.SpringBootContextLoader$ContextLoaderHook.run(SpringBootContextLoader.java:600) ~[spring-boot-test-4.0.4.jar:4.0.4]
	at org.springframework.boot.test.context.SpringBootContextLoader.loadContext(SpringBootContextLoader.java:155) ~[spring-boot-test-4.0.4.jar:4.0.4]
	at org.springframework.boot.test.context.SpringBootContextLoader.loadContext(SpringBootContextLoader.java:114) ~[spring-boot-test-4.0.4.jar:4.0.4]
	at org.springframework.test.context.cache.DefaultCacheAwareContextLoaderDelegate.loadContextInternal(DefaultCacheAwareContextLoaderDelegate.java:247) ~[spring-test-7.0.6.jar:7.0.6]
	at org.springframework.test.context.cache.DefaultCacheAwareContextLoaderDelegate.lambda$loadContext$0(DefaultCacheAwareContextLoaderDelegate.java:167) ~[spring-test-7.0.6.jar:7.0.6]
	at org.springframework.test.context.cache.DefaultContextCache.put(DefaultContextCache.java:214) ~[spring-test-7.0.6.jar:7.0.6]
	at org.springframework.test.context.cache.DefaultCacheAwareContextLoaderDelegate.loadContext(DefaultCacheAwareContextLoaderDelegate.java:160) ~[spring-test-7.0.6.jar:7.0.6]
	at org.springframework.test.context.support.DefaultTestContext.getApplicationContext(DefaultTestContext.java:128) ~[spring-test-7.0.6.jar:7.0.6]
	at org.springframework.test.context.support.DependencyInjectionTestExecutionListener.injectDependencies(DependencyInjectionTestExecutionListener.java:156) ~[spring-test-7.0.6.jar:7.0.6]
	at org.springframework.test.context.support.DependencyInjectionTestExecutionListener.prepareTestInstance(DependencyInjectionTestExecutionListener.java:111) ~[spring-test-7.0.6.jar:7.0.6]
	at org.springframework.test.context.TestContextManager.prepareTestInstance(TestContextManager.java:260) ~[spring-test-7.0.6.jar:7.0.6]
	at org.springframework.test.context.junit.jupiter.SpringExtension.postProcessTestInstance(SpringExtension.java:210) ~[spring-test-7.0.6.jar:7.0.6]
	at org.junit.jupiter.engine.descriptor.ClassBasedTestDescriptor.lambda$invokeTestInstancePostProcessors$1(ClassBasedTestDescriptor.java:423) ~[junit-jupiter-engine-6.0.3.jar:6.0.3]
	at org.junit.jupiter.engine.descriptor.ClassBasedTestDescriptor.executeAndMaskThrowable(ClassBasedTestDescriptor.java:428) ~[junit-jupiter-engine-6.0.3.jar:6.0.3]
	at org.junit.jupiter.engine.descriptor.ClassBasedTestDescriptor.lambda$invokeTestInstancePostProcessors$0(ClassBasedTestDescriptor.java:422) ~[junit-jupiter-engine-6.0.3.jar:6.0.3]
	at java.base/java.util.stream.ForEachOps$ForEachOp$OfRef.accept(ForEachOps.java:186) ~[na:na]
	at java.base/java.util.stream.ReferencePipeline$3$1.accept(ReferencePipeline.java:214) ~[na:na]
	at java.base/java.util.stream.ReferencePipeline$2$1.accept(ReferencePipeline.java:197) ~[na:na]
	at java.base/java.util.stream.ReferencePipeline$3$1.accept(ReferencePipeline.java:214) ~[na:na]
	at java.base/java.util.ArrayList$ArrayListSpliterator.forEachRemaining(ArrayList.java:1716) ~[na:na]
	at java.base/java.util.stream.AbstractPipeline.copyInto(AbstractPipeline.java:570) ~[na:na]
	at java.base/java.util.stream.AbstractPipeline.wrapAndCopyInto(AbstractPipeline.java:560) ~[na:na]
	at java.base/java.util.stream.ForEachOps$ForEachOp.evaluateSequential(ForEachOps.java:153) ~[na:na]
	at java.base/java.util.stream.ForEachOps$ForEachOp$OfRef.evaluateSequential(ForEachOps.java:176) ~[na:na]
	at java.base/java.util.stream.AbstractPipeline.evaluate(AbstractPipeline.java:265) ~[na:na]
	at java.base/java.util.stream.ReferencePipeline.forEach(ReferencePipeline.java:632) ~[na:na]
	at org.junit.jupiter.engine.descriptor.ClassBasedTestDescriptor.invokeTestInstancePostProcessors(ClassBasedTestDescriptor.java:422) ~[junit-jupiter-engine-6.0.3.jar:6.0.3]
	at org.junit.jupiter.engine.descriptor.ClassBasedTestDescriptor.lambda$instantiateAndPostProcessTestInstance$0(ClassBasedTestDescriptor.java:334) ~[junit-jupiter-engine-6.0.3.jar:6.0.3]
	at org.junit.platform.engine.support.hierarchical.ThrowableCollector.execute(ThrowableCollector.java:74) ~[junit-platform-engine-6.0.3.jar:6.0.3]
	at org.junit.jupiter.engine.descriptor.ClassBasedTestDescriptor.instantiateAndPostProcessTestInstance(ClassBasedTestDescriptor.java:333) ~[junit-jupiter-engine-6.0.3.jar:6.0.3]
	at org.junit.jupiter.engine.descriptor.ClassBasedTestDescriptor.lambda$testInstancesProvider$1(ClassBasedTestDescriptor.java:322) ~[junit-jupiter-engine-6.0.3.jar:6.0.3]
	at java.base/java.util.Optional.orElseGet(Optional.java:364) ~[na:na]
	at org.junit.jupiter.engine.descriptor.ClassBasedTestDescriptor.lambda$testInstancesProvider$0(ClassBasedTestDescriptor.java:321) ~[junit-jupiter-engine-6.0.3.jar:6.0.3]
	at org.junit.jupiter.engine.execution.TestInstancesProvider.getTestInstances(TestInstancesProvider.java:27) ~[junit-jupiter-engine-6.0.3.jar:6.0.3]
	at org.junit.jupiter.engine.descriptor.TestMethodTestDescriptor.lambda$prepare$0(TestMethodTestDescriptor.java:127) ~[junit-jupiter-engine-6.0.3.jar:6.0.3]
	at org.junit.platform.engine.support.hierarchical.ThrowableCollector.execute(ThrowableCollector.java:74) ~[junit-platform-engine-6.0.3.jar:6.0.3]
	at org.junit.jupiter.engine.descriptor.TestMethodTestDescriptor.prepare(TestMethodTestDescriptor.java:126) ~[junit-jupiter-engine-6.0.3.jar:6.0.3]
	at org.junit.jupiter.engine.descriptor.TestMethodTestDescriptor.prepare(TestMethodTestDescriptor.java:70) ~[junit-jupiter-engine-6.0.3.jar:6.0.3]
	at org.junit.platform.engine.support.hierarchical.NodeTestTask.lambda$prepare$0(NodeTestTask.java:144) ~[junit-platform-engine-6.0.3.jar:6.0.3]
	at org.junit.platform.engine.support.hierarchical.ThrowableCollector.execute(ThrowableCollector.java:74) ~[junit-platform-engine-6.0.3.jar:6.0.3]
	at org.junit.platform.engine.support.hierarchical.NodeTestTask.prepare(NodeTestTask.java:144) ~[junit-platform-engine-6.0.3.jar:6.0.3]
	at org.junit.platform.engine.support.hierarchical.NodeTestTask.execute(NodeTestTask.java:110) ~[junit-platform-engine-6.0.3.jar:6.0.3]
	at java.base/java.util.ArrayList.forEach(ArrayList.java:1604) ~[na:na]
	at org.junit.platform.engine.support.hierarchical.SameThreadHierarchicalTestExecutorService.invokeAll(SameThreadHierarchicalTestExecutorService.java:42) ~[junit-platform-engine-6.0.3.jar:6.0.3]
	at org.junit.platform.engine.support.hierarchical.NodeTestTask.lambda$executeRecursively$2(NodeTestTask.java:180) ~[junit-platform-engine-6.0.3.jar:6.0.3]
	at org.junit.platform.engine.support.hierarchical.ThrowableCollector.execute(ThrowableCollector.java:74) ~[junit-platform-engine-6.0.3.jar:6.0.3]
	at org.junit.platform.engine.support.hierarchical.NodeTestTask.lambda$executeRecursively$1(NodeTestTask.java:166) ~[junit-platform-engine-6.0.3.jar:6.0.3]
	at org.junit.platform.engine.support.hierarchical.Node.around(Node.java:138) ~[junit-platform-engine-6.0.3.jar:6.0.3]
	at org.junit.platform.engine.support.hierarchical.NodeTestTask.lambda$executeRecursively$0(NodeTestTask.java:164) ~[junit-platform-engine-6.0.3.jar:6.0.3]
	at org.junit.platform.engine.support.hierarchical.ThrowableCollector.execute(ThrowableCollector.java:74) ~[junit-platform-engine-6.0.3.jar:6.0.3]
	at org.junit.platform.engine.support.hierarchical.NodeTestTask.executeRecursively(NodeTestTask.java:163) ~[junit-platform-engine-6.0.3.jar:6.0.3]
	at org.junit.platform.engine.support.hierarchical.NodeTestTask.execute(NodeTestTask.java:116) ~[junit-platform-engine-6.0.3.jar:6.0.3]
	at java.base/java.util.ArrayList.forEach(ArrayList.java:1604) ~[na:na]
	at org.junit.platform.engine.support.hierarchical.SameThreadHierarchicalTestExecutorService.invokeAll(SameThreadHierarchicalTestExecutorService.java:42) ~[junit-platform-engine-6.0.3.jar:6.0.3]
	at org.junit.platform.engine.support.hierarchical.NodeTestTask.lambda$executeRecursively$2(NodeTestTask.java:180) ~[junit-platform-engine-6.0.3.jar:6.0.3]
	at org.junit.platform.engine.support.hierarchical.ThrowableCollector.execute(ThrowableCollector.java:74) ~[junit-platform-engine-6.0.3.jar:6.0.3]
	at org.junit.platform.engine.support.hierarchical.NodeTestTask.lambda$executeRecursively$1(NodeTestTask.java:166) ~[junit-platform-engine-6.0.3.jar:6.0.3]
	at org.junit.platform.engine.support.hierarchical.Node.around(Node.java:138) ~[junit-platform-engine-6.0.3.jar:6.0.3]
	at org.junit.platform.engine.support.hierarchical.NodeTestTask.lambda$executeRecursively$0(NodeTestTask.java:164) ~[junit-platform-engine-6.0.3.jar:6.0.3]
	at org.junit.platform.engine.support.hierarchical.ThrowableCollector.execute(ThrowableCollector.java:74) ~[junit-platform-engine-6.0.3.jar:6.0.3]
	at org.junit.platform.engine.support.hierarchical.NodeTestTask.executeRecursively(NodeTestTask.java:163) ~[junit-platform-engine-6.0.3.jar:6.0.3]
	at org.junit.platform.engine.support.hierarchical.NodeTestTask.execute(NodeTestTask.java:116) ~[junit-platform-engine-6.0.3.jar:6.0.3]
	at org.junit.platform.engine.support.hierarchical.SameThreadHierarchicalTestExecutorService.submit(SameThreadHierarchicalTestExecutorService.java:36) ~[junit-platform-engine-6.0.3.jar:6.0.3]
	at org.junit.platform.engine.support.hierarchical.HierarchicalTestExecutor.execute(HierarchicalTestExecutor.java:52) ~[junit-platform-engine-6.0.3.jar:6.0.3]
	at org.junit.platform.engine.support.hierarchical.HierarchicalTestEngine.execute(HierarchicalTestEngine.java:58) ~[junit-platform-engine-6.0.3.jar:6.0.3]
	at org.junit.platform.launcher.core.EngineExecutionOrchestrator.executeEngine(EngineExecutionOrchestrator.java:246) ~[junit-platform-launcher-6.0.3.jar:6.0.3]
	at org.junit.platform.launcher.core.EngineExecutionOrchestrator.failOrExecuteEngine(EngineExecutionOrchestrator.java:218) ~[junit-platform-launcher-6.0.3.jar:6.0.3]
	at org.junit.platform.launcher.core.EngineExecutionOrchestrator.execute(EngineExecutionOrchestrator.java:179) ~[junit-platform-launcher-6.0.3.jar:6.0.3]
	at org.junit.platform.launcher.core.EngineExecutionOrchestrator.execute(EngineExecutionOrchestrator.java:108) ~[junit-platform-launcher-6.0.3.jar:6.0.3]
	at org.junit.platform.launcher.core.EngineExecutionOrchestrator.lambda$execute$0(EngineExecutionOrchestrator.java:66) ~[junit-platform-launcher-6.0.3.jar:6.0.3]
	at org.junit.platform.launcher.core.EngineExecutionOrchestrator.withInterceptedStreams(EngineExecutionOrchestrator.java:157) ~[junit-platform-launcher-6.0.3.jar:6.0.3]
	at org.junit.platform.launcher.core.EngineExecutionOrchestrator.execute(EngineExecutionOrchestrator.java:65) ~[junit-platform-launcher-6.0.3.jar:6.0.3]
	at org.junit.platform.launcher.core.DefaultLauncher.execute(DefaultLauncher.java:125) ~[junit-platform-launcher-6.0.3.jar:6.0.3]
	at org.junit.platform.launcher.core.DefaultLauncher.execute(DefaultLauncher.java:114) ~[junit-platform-launcher-6.0.3.jar:6.0.3]
	at org.junit.platform.launcher.core.DefaultLauncher.execute(DefaultLauncher.java:93) ~[junit-platform-launcher-6.0.3.jar:6.0.3]
	at org.junit.platform.launcher.core.DelegatingLauncher.execute(DelegatingLauncher.java:48) ~[junit-platform-launcher-6.0.3.jar:6.0.3]
	at org.junit.platform.launcher.core.InterceptingLauncher.lambda$execute$0(InterceptingLauncher.java:41) ~[junit-platform-launcher-6.0.3.jar:6.0.3]
	at org.junit.platform.launcher.core.ClasspathAlignmentCheckingLauncherInterceptor.intercept(ClasspathAlignmentCheckingLauncherInterceptor.java:25) ~[junit-platform-launcher-6.0.3.jar:6.0.3]
	at org.junit.platform.launcher.core.InterceptingLauncher.execute(InterceptingLauncher.java:40) ~[junit-platform-launcher-6.0.3.jar:6.0.3]
	at org.junit.platform.launcher.core.DelegatingLauncher.execute(DelegatingLauncher.java:48) ~[junit-platform-launcher-6.0.3.jar:6.0.3]
	at org.junit.platform.launcher.core.SessionPerRequestLauncher.execute(SessionPerRequestLauncher.java:67) ~[junit-platform-launcher-6.0.3.jar:6.0.3]
	at com.intellij.junit6.JUnit6IdeaTestRunner.startRunnerWithArgs(JUnit6IdeaTestRunner.java:67) ~[junit6-rt.jar:na]
	at com.intellij.rt.junit.IdeaTestRunner$Repeater$1.execute(IdeaTestRunner.java:38) ~[junit-rt.jar:na]
	at com.intellij.rt.execution.junit.TestsRepeater.repeat(TestsRepeater.java:11) ~[idea_rt.jar:na]
	at com.intellij.rt.junit.IdeaTestRunner$Repeater.startRunnerWithArgs(IdeaTestRunner.java:35) ~[junit-rt.jar:na]
	at com.intellij.rt.junit.JUnitStarter.prepareStreamsAndStart(JUnitStarter.java:237) ~[junit-rt.jar:na]
	at com.intellij.rt.junit.JUnitStarter.main(JUnitStarter.java:58) ~[junit-rt.jar:na]
Caused by: org.postgresql.util.PSQLException: ERROR: syntax error at or near "order"
  Position: 23
	at org.postgresql.core.v3.QueryExecutorImpl.receiveErrorResponse(QueryExecutorImpl.java:2875) ~[postgresql-42.7.10.jar:42.7.10]
	at org.postgresql.core.v3.QueryExecutorImpl.processResults(QueryExecutorImpl.java:2560) ~[postgresql-42.7.10.jar:42.7.10]
	at org.postgresql.core.v3.QueryExecutorImpl.execute(QueryExecutorImpl.java:429) ~[postgresql-42.7.10.jar:42.7.10]
	at org.postgresql.jdbc.PgStatement.executeInternal(PgStatement.java:526) ~[postgresql-42.7.10.jar:42.7.10]
	at org.postgresql.jdbc.PgStatement.execute(PgStatement.java:436) ~[postgresql-42.7.10.jar:42.7.10]
	at org.postgresql.jdbc.PgStatement.executeWithFlags(PgStatement.java:358) ~[postgresql-42.7.10.jar:42.7.10]
	at org.postgresql.jdbc.PgStatement.executeCachedSql(PgStatement.java:343) ~[postgresql-42.7.10.jar:42.7.10]
	at org.postgresql.jdbc.PgStatement.executeWithFlags(PgStatement.java:319) ~[postgresql-42.7.10.jar:42.7.10]
	at org.postgresql.jdbc.PgStatement.execute(PgStatement.java:314) ~[postgresql-42.7.10.jar:42.7.10]
	at com.zaxxer.hikari.pool.ProxyStatement.execute(ProxyStatement.java:95) ~[HikariCP-7.0.2.jar:na]
	at com.zaxxer.hikari.pool.HikariProxyStatement.execute(HikariProxyStatement.java) ~[HikariCP-7.0.2.jar:na]
	at org.hibernate.tool.schema.internal.exec.GenerationTargetToDatabase.accept(GenerationTargetToDatabase.java:76) ~[hibernate-core-7.2.7.Final.jar:7.2.7.Final]
	... 125 common frames omitted

2026-03-25T10:22:39.949+01:00  INFO 12224 --- [Projet-API-Pizza] [main] j.LocalContainerEntityManagerFactoryBean : Initialized JPA EntityManagerFactory for persistence unit 'default'
2026-03-25T10:22:40.033+01:00  INFO 12224 --- [Projet-API-Pizza] [main] o.s.d.j.r.query.QueryEnhancerFactories   : Hibernate is in classpath; If applicable, HQL parser will be used.
2026-03-25T10:22:40.427+01:00  WARN 12224 --- [Projet-API-Pizza] [main] JpaBaseConfiguration$JpaWebConfiguration : spring.jpa.open-in-view is enabled by default. Therefore, database queries may be performed during view rendering. Explicitly configure spring.jpa.open-in-view to disable this warning
2026-03-25T10:22:41.633+01:00  INFO 12224 --- [Projet-API-Pizza] [main] o.s.boot.tomcat.TomcatWebServer          : Tomcat started on port 62874 (http) with context path '/'
2026-03-25T10:22:41.644+01:00  INFO 12224 --- [Projet-API-Pizza] [main] ustomerControllerIntegrationEndToEndTest : Started CustomerControllerIntegrationEndToEndTest in 7.729 seconds (process running for 9.808)
2026-03-25T10:22:41.650+01:00  WARN 12224 --- [Projet-API-Pizza] [main] o.s.core.events.SpringDocAppInitializer  : SpringDoc /v3/api-docs endpoint is enabled by default. To disable it in production, set the property 'springdoc.api-docs.enabled=false'
2026-03-25T10:22:41.651+01:00  WARN 12224 --- [Projet-API-Pizza] [main] o.s.core.events.SpringDocAppInitializer  : SpringDoc /swagger-ui.html endpoint is enabled by default. To disable it in production, set the property 'springdoc.swagger-ui.enabled=false'
2026-03-25T10:22:42.592+01:00  INFO 12224 --- [Projet-API-Pizza] [http-nio-auto-1-exec-1] o.a.c.c.C.[Tomcat].[localhost].[/]       : Initializing Spring DispatcherServlet 'dispatcherServlet'
2026-03-25T10:22:42.592+01:00  INFO 12224 --- [Projet-API-Pizza] [http-nio-auto-1-exec-1] o.s.web.servlet.DispatcherServlet        : Initializing Servlet 'dispatcherServlet'
2026-03-25T10:22:42.593+01:00  INFO 12224 --- [Projet-API-Pizza] [http-nio-auto-1-exec-1] o.s.web.servlet.DispatcherServlet        : Completed initialization in 1 ms
2026-03-25T10:22:42.764+01:00  INFO 12224 --- [Projet-API-Pizza] [http-nio-auto-1-exec-1] c.a.p.service.CustomerServiceImpl        : Validating and creating customer: 'John'
2026-03-25T10:22:42.805+01:00  INFO 12224 --- [Projet-API-Pizza] [http-nio-auto-1-exec-1] c.a.p.service.CustomerServiceImpl        : Customer 'John' successfully created with id=8a0ce9ff-faa8-443e-9eb1-33c88ad4af67
2026-03-25T10:22:42.880+01:00  INFO 12224 --- [Projet-API-Pizza] [main] c.a.p.service.CustomerServiceImpl        : Validating and creating customer: 'John'
2026-03-25T10:22:42.882+01:00  INFO 12224 --- [Projet-API-Pizza] [main] c.a.p.service.CustomerServiceImpl        : Customer 'John' successfully created with id=f3e861b8-3f38-45ae-a469-27ef1dbf3489
2026-03-25T10:22:42.940+01:00  INFO 12224 --- [Projet-API-Pizza] [SpringApplicationShutdownHook] o.s.boot.tomcat.GracefulShutdown         : Commencing graceful shutdown. Waiting for active requests to complete
2026-03-25T10:22:42.947+01:00  INFO 12224 --- [Projet-API-Pizza] [tomcat-shutdown] o.s.boot.tomcat.GracefulShutdown         : Graceful shutdown complete
2026-03-25T10:22:42.951+01:00  INFO 12224 --- [Projet-API-Pizza] [SpringApplicationShutdownHook] j.LocalContainerEntityManagerFactoryBean : Closing JPA EntityManagerFactory for persistence unit 'default'
2026-03-25T10:22:42.954+01:00  INFO 12224 --- [Projet-API-Pizza] [SpringApplicationShutdownHook] com.zaxxer.hikari.HikariDataSource       : HikariPool-1 - Shutdown initiated...
2026-03-25T10:22:42.972+01:00  INFO 12224 --- [Projet-API-Pizza] [SpringApplicationShutdownHook] com.zaxxer.hikari.HikariDataSource       : HikariPool-1 - Shutdown completed.
2026-03-25T10:24:41.194+01:00  INFO 6436 --- [Projet-API-Pizza] [SpringApplicationShutdownHook] o.s.boot.tomcat.GracefulShutdown         : Commencing graceful shutdown. Waiting for active requests to complete
2026-03-25T10:24:41.206+01:00  INFO 6436 --- [Projet-API-Pizza] [tomcat-shutdown] o.s.boot.tomcat.GracefulShutdown         : Graceful shutdown complete
2026-03-25T10:24:41.210+01:00  INFO 6436 --- [Projet-API-Pizza] [SpringApplicationShutdownHook] j.LocalContainerEntityManagerFactoryBean : Closing JPA EntityManagerFactory for persistence unit 'default'
2026-03-25T10:24:41.210+01:00  INFO 6436 --- [Projet-API-Pizza] [SpringApplicationShutdownHook] com.zaxxer.hikari.HikariDataSource       : HikariPool-3 - Shutdown initiated...
2026-03-25T10:24:41.216+01:00  INFO 6436 --- [Projet-API-Pizza] [SpringApplicationShutdownHook] com.zaxxer.hikari.HikariDataSource       : HikariPool-3 - Shutdown completed.
2026-03-25T10:25:24.728+01:00  INFO 30496 --- [Projet-API-Pizza] [main] ustomerControllerIntegrationEndToEndTest : Starting CustomerControllerIntegrationEndToEndTest using Java 25.0.2 with PID 30496 (started by celine.denis in C:\Users\celine.denis\IdeaProjects\Projet-API-Pizza)
2026-03-25T10:25:24.732+01:00  INFO 30496 --- [Projet-API-Pizza] [main] ustomerControllerIntegrationEndToEndTest : The following 1 profile is active: "test"
2026-03-25T10:25:26.364+01:00  INFO 30496 --- [Projet-API-Pizza] [main] .s.d.r.c.RepositoryConfigurationDelegate : Bootstrapping Spring Data JPA repositories in DEFAULT mode.
2026-03-25T10:25:26.428+01:00  INFO 30496 --- [Projet-API-Pizza] [main] .s.d.r.c.RepositoryConfigurationDelegate : Finished Spring Data repository scanning in 54 ms. Found 2 JPA repository interfaces.
2026-03-25T10:25:27.175+01:00  INFO 30496 --- [Projet-API-Pizza] [main] o.s.boot.tomcat.TomcatWebServer          : Tomcat initialized with port 0 (http)
2026-03-25T10:25:27.203+01:00  INFO 30496 --- [Projet-API-Pizza] [main] o.apache.catalina.core.StandardService   : Starting service [Tomcat]
2026-03-25T10:25:27.204+01:00  INFO 30496 --- [Projet-API-Pizza] [main] o.apache.catalina.core.StandardEngine    : Starting Servlet engine: [Apache Tomcat/11.0.18]
2026-03-25T10:25:27.349+01:00  INFO 30496 --- [Projet-API-Pizza] [main] b.w.c.s.WebApplicationContextInitializer : Root WebApplicationContext: initialization completed in 2598 ms
2026-03-25T10:25:27.628+01:00  INFO 30496 --- [Projet-API-Pizza] [main] org.hibernate.orm.jpa                    : HHH008540: Processing PersistenceUnitInfo [name: default]
2026-03-25T10:25:27.735+01:00  INFO 30496 --- [Projet-API-Pizza] [main] org.hibernate.orm.core                   : HHH000001: Hibernate ORM core version 7.2.7.Final
2026-03-25T10:25:28.286+01:00  INFO 30496 --- [Projet-API-Pizza] [main] o.s.o.j.p.SpringPersistenceUnitInfo      : No LoadTimeWeaver setup: ignoring JPA class transformer
2026-03-25T10:25:28.332+01:00  INFO 30496 --- [Projet-API-Pizza] [main] com.zaxxer.hikari.HikariDataSource       : HikariPool-1 - Starting...
2026-03-25T10:25:28.588+01:00  INFO 30496 --- [Projet-API-Pizza] [main] com.zaxxer.hikari.pool.HikariPool        : HikariPool-1 - Added connection org.postgresql.jdbc.PgConnection@586b78d7
2026-03-25T10:25:28.589+01:00  INFO 30496 --- [Projet-API-Pizza] [main] com.zaxxer.hikari.HikariDataSource       : HikariPool-1 - Start completed.
2026-03-25T10:25:28.651+01:00  INFO 30496 --- [Projet-API-Pizza] [main] org.hibernate.orm.connections.pooling    : HHH10001005: Database info:
	Database JDBC URL [jdbc:postgresql://127.0.0.1:5432/mydb]
	Database driver: PostgreSQL JDBC Driver
	Database dialect: PostgreSQLDialect
	Database version: 18.3
	Default catalog/schema: mydb/public
	Autocommit mode: undefined/unknown
	Isolation level: READ_COMMITTED [default READ_COMMITTED]
	JDBC fetch size: none
	Pool: DataSourceConnectionProvider
	Minimum pool size: undefined/unknown
	Maximum pool size: undefined/unknown
2026-03-25T10:25:29.924+01:00  INFO 30496 --- [Projet-API-Pizza] [main] org.hibernate.orm.core                   : HHH000489: No JTA platform available (set 'hibernate.transaction.jta.platform' to enable JTA platform integration)
2026-03-25T10:25:30.023+01:00  INFO 30496 --- [Projet-API-Pizza] [main] j.LocalContainerEntityManagerFactoryBean : Initialized JPA EntityManagerFactory for persistence unit 'default'
2026-03-25T10:25:30.178+01:00  INFO 30496 --- [Projet-API-Pizza] [main] o.s.d.j.r.query.QueryEnhancerFactories   : Hibernate is in classpath; If applicable, HQL parser will be used.
2026-03-25T10:25:30.556+01:00  WARN 30496 --- [Projet-API-Pizza] [main] JpaBaseConfiguration$JpaWebConfiguration : spring.jpa.open-in-view is enabled by default. Therefore, database queries may be performed during view rendering. Explicitly configure spring.jpa.open-in-view to disable this warning
2026-03-25T10:25:31.799+01:00  INFO 30496 --- [Projet-API-Pizza] [main] o.s.boot.tomcat.TomcatWebServer          : Tomcat started on port 49698 (http) with context path '/'
2026-03-25T10:25:31.808+01:00  INFO 30496 --- [Projet-API-Pizza] [main] ustomerControllerIntegrationEndToEndTest : Started CustomerControllerIntegrationEndToEndTest in 7.501 seconds (process running for 20.959)
2026-03-25T10:25:31.815+01:00  WARN 30496 --- [Projet-API-Pizza] [main] o.s.core.events.SpringDocAppInitializer  : SpringDoc /v3/api-docs endpoint is enabled by default. To disable it in production, set the property 'springdoc.api-docs.enabled=false'
2026-03-25T10:25:31.816+01:00  WARN 30496 --- [Projet-API-Pizza] [main] o.s.core.events.SpringDocAppInitializer  : SpringDoc /swagger-ui.html endpoint is enabled by default. To disable it in production, set the property 'springdoc.swagger-ui.enabled=false'
2026-03-25T10:25:32.791+01:00  INFO 30496 --- [Projet-API-Pizza] [http-nio-auto-1-exec-6] o.a.c.c.C.[Tomcat].[localhost].[/]       : Initializing Spring DispatcherServlet 'dispatcherServlet'
2026-03-25T10:25:32.791+01:00  INFO 30496 --- [Projet-API-Pizza] [http-nio-auto-1-exec-6] o.s.web.servlet.DispatcherServlet        : Initializing Servlet 'dispatcherServlet'
2026-03-25T10:25:32.792+01:00  INFO 30496 --- [Projet-API-Pizza] [http-nio-auto-1-exec-6] o.s.web.servlet.DispatcherServlet        : Completed initialization in 1 ms
2026-03-25T10:25:32.977+01:00  INFO 30496 --- [Projet-API-Pizza] [http-nio-auto-1-exec-6] c.a.p.service.CustomerServiceImpl        : Validating and creating customer: 'John'
2026-03-25T10:25:33.015+01:00  INFO 30496 --- [Projet-API-Pizza] [http-nio-auto-1-exec-6] c.a.p.service.CustomerServiceImpl        : Customer 'John' successfully created with id=c5c7178c-0b63-4995-87ce-f028115f2fe2
2026-03-25T10:25:33.115+01:00  INFO 30496 --- [Projet-API-Pizza] [main] c.a.p.service.CustomerServiceImpl        : Validating and creating customer: 'John'
2026-03-25T10:25:33.116+01:00  INFO 30496 --- [Projet-API-Pizza] [main] c.a.p.service.CustomerServiceImpl        : Customer 'John' successfully created with id=5a409a67-f09b-4b5c-b988-8df9a953db07
2026-03-25T10:25:33.169+01:00  INFO 30496 --- [Projet-API-Pizza] [SpringApplicationShutdownHook] o.s.boot.tomcat.GracefulShutdown         : Commencing graceful shutdown. Waiting for active requests to complete
2026-03-25T10:25:33.178+01:00  INFO 30496 --- [Projet-API-Pizza] [tomcat-shutdown] o.s.boot.tomcat.GracefulShutdown         : Graceful shutdown complete
2026-03-25T10:25:33.183+01:00  INFO 30496 --- [Projet-API-Pizza] [SpringApplicationShutdownHook] j.LocalContainerEntityManagerFactoryBean : Closing JPA EntityManagerFactory for persistence unit 'default'
2026-03-25T10:25:33.185+01:00  INFO 30496 --- [Projet-API-Pizza] [SpringApplicationShutdownHook] com.zaxxer.hikari.HikariDataSource       : HikariPool-1 - Shutdown initiated...
2026-03-25T10:25:33.202+01:00  INFO 30496 --- [Projet-API-Pizza] [SpringApplicationShutdownHook] com.zaxxer.hikari.HikariDataSource       : HikariPool-1 - Shutdown completed.
2026-03-25T11:44:25.016+01:00  INFO 18236 --- [Projet-API-Pizza] [main] .a.p.c.CustomerControllerIntegrationTest : Starting CustomerControllerIntegrationTest using Java 25.0.2 with PID 18236 (started by celine.denis in C:\Users\celine.denis\IdeaProjects\Projet-API-Pizza)
2026-03-25T11:44:25.020+01:00  INFO 18236 --- [Projet-API-Pizza] [main] .a.p.c.CustomerControllerIntegrationTest : No active profile set, falling back to 1 default profile: "default"
2026-03-25T11:44:28.827+01:00  INFO 18236 --- [Projet-API-Pizza] [main] o.s.b.t.m.w.SpringBootMockServletContext : Initializing Spring TestDispatcherServlet ''
2026-03-25T11:44:28.828+01:00  INFO 18236 --- [Projet-API-Pizza] [main] o.s.t.web.servlet.TestDispatcherServlet  : Initializing Servlet ''
2026-03-25T11:44:28.834+01:00  INFO 18236 --- [Projet-API-Pizza] [main] o.s.t.web.servlet.TestDispatcherServlet  : Completed initialization in 4 ms
2026-03-25T11:44:28.890+01:00  INFO 18236 --- [Projet-API-Pizza] [main] .a.p.c.CustomerControllerIntegrationTest : Started CustomerControllerIntegrationTest in 4.631 seconds (process running for 7.303)
2026-03-25T11:48:45.774+01:00  INFO 33136 --- [Projet-API-Pizza] [main] .a.p.c.CustomerControllerIntegrationTest : Starting CustomerControllerIntegrationTest using Java 25.0.2 with PID 33136 (started by celine.denis in C:\Users\celine.denis\IdeaProjects\Projet-API-Pizza)
2026-03-25T11:48:45.777+01:00  INFO 33136 --- [Projet-API-Pizza] [main] .a.p.c.CustomerControllerIntegrationTest : No active profile set, falling back to 1 default profile: "default"
2026-03-25T11:48:48.163+01:00  INFO 33136 --- [Projet-API-Pizza] [main] o.s.b.t.m.w.SpringBootMockServletContext : Initializing Spring TestDispatcherServlet ''
2026-03-25T11:48:48.163+01:00  INFO 33136 --- [Projet-API-Pizza] [main] o.s.t.web.servlet.TestDispatcherServlet  : Initializing Servlet ''
2026-03-25T11:48:48.167+01:00  INFO 33136 --- [Projet-API-Pizza] [main] o.s.t.web.servlet.TestDispatcherServlet  : Completed initialization in 3 ms
2026-03-25T11:48:48.210+01:00  INFO 33136 --- [Projet-API-Pizza] [main] .a.p.c.CustomerControllerIntegrationTest : Started CustomerControllerIntegrationTest in 2.861 seconds (process running for 4.518)
2026-03-25T11:48:56.825+01:00  INFO 33752 --- [Projet-API-Pizza] [main] ustomerControllerIntegrationEndToEndTest : Starting CustomerControllerIntegrationEndToEndTest using Java 25.0.2 with PID 33752 (started by celine.denis in C:\Users\celine.denis\IdeaProjects\Projet-API-Pizza)
2026-03-25T11:48:56.827+01:00  INFO 33752 --- [Projet-API-Pizza] [main] ustomerControllerIntegrationEndToEndTest : The following 1 profile is active: "test"
2026-03-25T11:48:58.151+01:00  INFO 33752 --- [Projet-API-Pizza] [main] .s.d.r.c.RepositoryConfigurationDelegate : Bootstrapping Spring Data JPA repositories in DEFAULT mode.
2026-03-25T11:48:58.252+01:00  INFO 33752 --- [Projet-API-Pizza] [main] .s.d.r.c.RepositoryConfigurationDelegate : Finished Spring Data repository scanning in 80 ms. Found 2 JPA repository interfaces.
2026-03-25T11:48:59.274+01:00  INFO 33752 --- [Projet-API-Pizza] [main] o.s.boot.tomcat.TomcatWebServer          : Tomcat initialized with port 0 (http)
2026-03-25T11:48:59.296+01:00  INFO 33752 --- [Projet-API-Pizza] [main] o.apache.catalina.core.StandardService   : Starting service [Tomcat]
2026-03-25T11:48:59.297+01:00  INFO 33752 --- [Projet-API-Pizza] [main] o.apache.catalina.core.StandardEngine    : Starting Servlet engine: [Apache Tomcat/11.0.18]
2026-03-25T11:48:59.418+01:00  INFO 33752 --- [Projet-API-Pizza] [main] b.w.c.s.WebApplicationContextInitializer : Root WebApplicationContext: initialization completed in 2573 ms
2026-03-25T11:48:59.826+01:00  INFO 33752 --- [Projet-API-Pizza] [main] org.hibernate.orm.jpa                    : HHH008540: Processing PersistenceUnitInfo [name: default]
2026-03-25T11:48:59.988+01:00  INFO 33752 --- [Projet-API-Pizza] [main] org.hibernate.orm.core                   : HHH000001: Hibernate ORM core version 7.2.7.Final
2026-03-25T11:49:00.727+01:00  INFO 33752 --- [Projet-API-Pizza] [main] o.s.o.j.p.SpringPersistenceUnitInfo      : No LoadTimeWeaver setup: ignoring JPA class transformer
2026-03-25T11:49:00.777+01:00  INFO 33752 --- [Projet-API-Pizza] [main] com.zaxxer.hikari.HikariDataSource       : HikariPool-1 - Starting...
2026-03-25T11:49:01.094+01:00  INFO 33752 --- [Projet-API-Pizza] [main] com.zaxxer.hikari.pool.HikariPool        : HikariPool-1 - Added connection org.postgresql.jdbc.PgConnection@15ea0ca3
2026-03-25T11:49:01.095+01:00  INFO 33752 --- [Projet-API-Pizza] [main] com.zaxxer.hikari.HikariDataSource       : HikariPool-1 - Start completed.
2026-03-25T11:49:01.251+01:00  INFO 33752 --- [Projet-API-Pizza] [main] org.hibernate.orm.connections.pooling    : HHH10001005: Database info:
	Database JDBC URL [jdbc:postgresql://127.0.0.1:5432/mydb]
	Database driver: PostgreSQL JDBC Driver
	Database dialect: PostgreSQLDialect
	Database version: 18.3
	Default catalog/schema: mydb/public
	Autocommit mode: undefined/unknown
	Isolation level: READ_COMMITTED [default READ_COMMITTED]
	JDBC fetch size: none
	Pool: DataSourceConnectionProvider
	Minimum pool size: undefined/unknown
	Maximum pool size: undefined/unknown
2026-03-25T11:49:02.810+01:00  INFO 33752 --- [Projet-API-Pizza] [main] org.hibernate.orm.core                   : HHH000489: No JTA platform available (set 'hibernate.transaction.jta.platform' to enable JTA platform integration)
2026-03-25T11:49:02.942+01:00  INFO 33752 --- [Projet-API-Pizza] [main] j.LocalContainerEntityManagerFactoryBean : Initialized JPA EntityManagerFactory for persistence unit 'default'
2026-03-25T11:49:03.076+01:00  INFO 33752 --- [Projet-API-Pizza] [main] o.s.d.j.r.query.QueryEnhancerFactories   : Hibernate is in classpath; If applicable, HQL parser will be used.
2026-03-25T11:49:03.402+01:00  WARN 33752 --- [Projet-API-Pizza] [main] JpaBaseConfiguration$JpaWebConfiguration : spring.jpa.open-in-view is enabled by default. Therefore, database queries may be performed during view rendering. Explicitly configure spring.jpa.open-in-view to disable this warning
2026-03-25T11:49:04.410+01:00  INFO 33752 --- [Projet-API-Pizza] [main] o.s.boot.tomcat.TomcatWebServer          : Tomcat started on port 58975 (http) with context path '/'
2026-03-25T11:49:04.419+01:00  INFO 33752 --- [Projet-API-Pizza] [main] ustomerControllerIntegrationEndToEndTest : Started CustomerControllerIntegrationEndToEndTest in 8.048 seconds (process running for 9.737)
2026-03-25T11:49:04.424+01:00  WARN 33752 --- [Projet-API-Pizza] [main] o.s.core.events.SpringDocAppInitializer  : SpringDoc /v3/api-docs endpoint is enabled by default. To disable it in production, set the property 'springdoc.api-docs.enabled=false'
2026-03-25T11:49:04.425+01:00  WARN 33752 --- [Projet-API-Pizza] [main] o.s.core.events.SpringDocAppInitializer  : SpringDoc /swagger-ui.html endpoint is enabled by default. To disable it in production, set the property 'springdoc.swagger-ui.enabled=false'
2026-03-25T11:49:05.189+01:00  INFO 33752 --- [Projet-API-Pizza] [http-nio-auto-1-exec-1] o.a.c.c.C.[Tomcat].[localhost].[/]       : Initializing Spring DispatcherServlet 'dispatcherServlet'
2026-03-25T11:49:05.189+01:00  INFO 33752 --- [Projet-API-Pizza] [http-nio-auto-1-exec-1] o.s.web.servlet.DispatcherServlet        : Initializing Servlet 'dispatcherServlet'
2026-03-25T11:49:05.190+01:00  INFO 33752 --- [Projet-API-Pizza] [http-nio-auto-1-exec-1] o.s.web.servlet.DispatcherServlet        : Completed initialization in 0 ms
2026-03-25T11:49:05.344+01:00  INFO 33752 --- [Projet-API-Pizza] [http-nio-auto-1-exec-1] c.a.p.service.CustomerServiceImpl        : Validating and creating customer: 'John'
2026-03-25T11:49:05.378+01:00  INFO 33752 --- [Projet-API-Pizza] [http-nio-auto-1-exec-1] c.a.p.service.CustomerServiceImpl        : Customer 'John' successfully created with id=5389a01a-2bd9-4873-8176-4dd1db0cae44
2026-03-25T11:49:05.449+01:00  INFO 33752 --- [Projet-API-Pizza] [main] c.a.p.service.CustomerServiceImpl        : Validating and creating customer: 'John'
2026-03-25T11:49:05.450+01:00  INFO 33752 --- [Projet-API-Pizza] [main] c.a.p.service.CustomerServiceImpl        : Customer 'John' successfully created with id=d6707b5c-624d-4a45-9402-37fec7cb4e86
2026-03-25T11:49:05.492+01:00  INFO 33752 --- [Projet-API-Pizza] [SpringApplicationShutdownHook] o.s.boot.tomcat.GracefulShutdown         : Commencing graceful shutdown. Waiting for active requests to complete
2026-03-25T11:49:05.500+01:00  INFO 33752 --- [Projet-API-Pizza] [tomcat-shutdown] o.s.boot.tomcat.GracefulShutdown         : Graceful shutdown complete
2026-03-25T11:49:05.505+01:00  INFO 33752 --- [Projet-API-Pizza] [SpringApplicationShutdownHook] j.LocalContainerEntityManagerFactoryBean : Closing JPA EntityManagerFactory for persistence unit 'default'
2026-03-25T11:49:05.507+01:00  INFO 33752 --- [Projet-API-Pizza] [SpringApplicationShutdownHook] com.zaxxer.hikari.HikariDataSource       : HikariPool-1 - Shutdown initiated...
2026-03-25T11:49:05.514+01:00  INFO 33752 --- [Projet-API-Pizza] [SpringApplicationShutdownHook] com.zaxxer.hikari.HikariDataSource       : HikariPool-1 - Shutdown completed.
2026-03-25T11:49:13.776+01:00  INFO 33824 --- [Projet-API-Pizza] [restartedMain] c.a.p.ProjetApiPizzaApplication          : Starting ProjetApiPizzaApplication using Java 25.0.2 with PID 33824 (C:\Users\celine.denis\IdeaProjects\Projet-API-Pizza\target\classes started by celine.denis in C:\Users\celine.denis\IdeaProjects\Projet-API-Pizza)
2026-03-25T11:49:13.780+01:00  INFO 33824 --- [Projet-API-Pizza] [restartedMain] c.a.p.ProjetApiPizzaApplication          : No active profile set, falling back to 1 default profile: "default"
2026-03-25T11:49:13.865+01:00  INFO 33824 --- [Projet-API-Pizza] [restartedMain] .e.DevToolsPropertyDefaultsPostProcessor : Devtools property defaults active! Set 'spring.devtools.add-properties' to 'false' to disable
2026-03-25T11:49:13.865+01:00  INFO 33824 --- [Projet-API-Pizza] [restartedMain] .e.DevToolsPropertyDefaultsPostProcessor : For additional web related logging consider setting the 'logging.level.web' property to 'DEBUG'
2026-03-25T11:49:15.217+01:00  INFO 33824 --- [Projet-API-Pizza] [restartedMain] .s.d.r.c.RepositoryConfigurationDelegate : Bootstrapping Spring Data JPA repositories in DEFAULT mode.
2026-03-25T11:49:15.295+01:00  INFO 33824 --- [Projet-API-Pizza] [restartedMain] .s.d.r.c.RepositoryConfigurationDelegate : Finished Spring Data repository scanning in 65 ms. Found 2 JPA repository interfaces.
2026-03-25T11:49:15.883+01:00  INFO 33824 --- [Projet-API-Pizza] [restartedMain] o.s.boot.tomcat.TomcatWebServer          : Tomcat initialized with port 9999 (http)
2026-03-25T11:49:15.897+01:00  INFO 33824 --- [Projet-API-Pizza] [restartedMain] o.apache.catalina.core.StandardService   : Starting service [Tomcat]
2026-03-25T11:49:15.897+01:00  INFO 33824 --- [Projet-API-Pizza] [restartedMain] o.apache.catalina.core.StandardEngine    : Starting Servlet engine: [Apache Tomcat/11.0.18]
2026-03-25T11:49:15.954+01:00  INFO 33824 --- [Projet-API-Pizza] [restartedMain] b.w.c.s.WebApplicationContextInitializer : Root WebApplicationContext: initialization completed in 2088 ms
2026-03-25T11:49:16.134+01:00  INFO 33824 --- [Projet-API-Pizza] [restartedMain] org.hibernate.orm.jpa                    : HHH008540: Processing PersistenceUnitInfo [name: default]
2026-03-25T11:49:16.183+01:00  INFO 33824 --- [Projet-API-Pizza] [restartedMain] org.hibernate.orm.core                   : HHH000001: Hibernate ORM core version 7.2.7.Final
2026-03-25T11:49:16.636+01:00  INFO 33824 --- [Projet-API-Pizza] [restartedMain] o.s.o.j.p.SpringPersistenceUnitInfo      : No LoadTimeWeaver setup: ignoring JPA class transformer
2026-03-25T11:49:16.667+01:00  INFO 33824 --- [Projet-API-Pizza] [restartedMain] com.zaxxer.hikari.HikariDataSource       : HikariPool-1 - Starting...
2026-03-25T11:49:16.803+01:00  INFO 33824 --- [Projet-API-Pizza] [restartedMain] com.zaxxer.hikari.pool.HikariPool        : HikariPool-1 - Added connection org.postgresql.jdbc.PgConnection@55d3dfe1
2026-03-25T11:49:16.804+01:00  INFO 33824 --- [Projet-API-Pizza] [restartedMain] com.zaxxer.hikari.HikariDataSource       : HikariPool-1 - Start completed.
2026-03-25T11:49:16.871+01:00  INFO 33824 --- [Projet-API-Pizza] [restartedMain] org.hibernate.orm.connections.pooling    : HHH10001005: Database info:
	Database JDBC URL [jdbc:postgresql://127.0.0.1:5432/mydb]
	Database driver: PostgreSQL JDBC Driver
	Database dialect: PostgreSQLDialect
	Database version: 18.3
	Default catalog/schema: mydb/public
	Autocommit mode: undefined/unknown
	Isolation level: READ_COMMITTED [default READ_COMMITTED]
	JDBC fetch size: none
	Pool: DataSourceConnectionProvider
	Minimum pool size: undefined/unknown
	Maximum pool size: undefined/unknown
2026-03-25T11:49:17.859+01:00  INFO 33824 --- [Projet-API-Pizza] [restartedMain] org.hibernate.orm.core                   : HHH000489: No JTA platform available (set 'hibernate.transaction.jta.platform' to enable JTA platform integration)
2026-03-25T11:49:17.931+01:00  INFO 33824 --- [Projet-API-Pizza] [restartedMain] j.LocalContainerEntityManagerFactoryBean : Initialized JPA EntityManagerFactory for persistence unit 'default'
2026-03-25T11:49:18.015+01:00  INFO 33824 --- [Projet-API-Pizza] [restartedMain] o.s.d.j.r.query.QueryEnhancerFactories   : Hibernate is in classpath; If applicable, HQL parser will be used.
2026-03-25T11:49:18.249+01:00  WARN 33824 --- [Projet-API-Pizza] [restartedMain] JpaBaseConfiguration$JpaWebConfiguration : spring.jpa.open-in-view is enabled by default. Therefore, database queries may be performed during view rendering. Explicitly configure spring.jpa.open-in-view to disable this warning
2026-03-25T11:49:18.710+01:00  INFO 33824 --- [Projet-API-Pizza] [restartedMain] o.s.b.h.a.H2ConsoleAutoConfiguration     : H2 console available at '/h2-console'. Database available at 'jdbc:postgresql://127.0.0.1:5432/mydb'
2026-03-25T11:49:18.766+01:00  INFO 33824 --- [Projet-API-Pizza] [restartedMain] o.s.boot.tomcat.TomcatWebServer          : Tomcat started on port 9999 (http) with context path '/'
2026-03-25T11:49:18.776+01:00  INFO 33824 --- [Projet-API-Pizza] [restartedMain] c.a.p.ProjetApiPizzaApplication          : Started ProjetApiPizzaApplication in 5.797 seconds (process running for 6.717)
2026-03-25T11:49:18.780+01:00  WARN 33824 --- [Projet-API-Pizza] [restartedMain] o.s.core.events.SpringDocAppInitializer  : SpringDoc /v3/api-docs endpoint is enabled by default. To disable it in production, set the property 'springdoc.api-docs.enabled=false'
2026-03-25T11:49:18.780+01:00  WARN 33824 --- [Projet-API-Pizza] [restartedMain] o.s.core.events.SpringDocAppInitializer  : SpringDoc /swagger-ui.html endpoint is enabled by default. To disable it in production, set the property 'springdoc.swagger-ui.enabled=false'
2026-03-25T11:51:27.366+01:00  INFO 33824 --- [Projet-API-Pizza] [http-nio-9999-exec-1] o.a.c.c.C.[Tomcat].[localhost].[/]       : Initializing Spring DispatcherServlet 'dispatcherServlet'
2026-03-25T11:51:27.366+01:00  INFO 33824 --- [Projet-API-Pizza] [http-nio-9999-exec-1] o.s.web.servlet.DispatcherServlet        : Initializing Servlet 'dispatcherServlet'
2026-03-25T11:51:27.368+01:00  INFO 33824 --- [Projet-API-Pizza] [http-nio-9999-exec-1] o.s.web.servlet.DispatcherServlet        : Completed initialization in 2 ms
2026-03-25T11:51:29.170+01:00  INFO 33824 --- [Projet-API-Pizza] [http-nio-9999-exec-6] o.springdoc.api.AbstractOpenApiResource  : Init duration for springdoc-openapi is: 1198 ms
2026-03-25T11:51:50.031+01:00  INFO 33824 --- [Projet-API-Pizza] [http-nio-9999-exec-4] c.a.p.service.CustomerServiceImpl        : Validating and creating customer: 'Jane'
2026-03-25T11:51:50.065+01:00  INFO 33824 --- [Projet-API-Pizza] [http-nio-9999-exec-4] c.a.p.service.CustomerServiceImpl        : Customer 'Jane' successfully created with id=43d5de97-29cb-4596-a6c2-b78a73569d07
2026-03-25T14:05:27.951+01:00  INFO 33824 --- [Projet-API-Pizza] [File Watcher] rtingClassPathChangeChangedEventListener : Restarting due to 1 class path change (0 additions, 1 deletion, 0 modifications)
2026-03-25T14:05:28.102+01:00  INFO 33824 --- [Projet-API-Pizza] [Thread-1] o.s.boot.tomcat.GracefulShutdown         : Commencing graceful shutdown. Waiting for active requests to complete
2026-03-25T14:05:28.154+01:00  INFO 33824 --- [Projet-API-Pizza] [tomcat-shutdown] o.s.boot.tomcat.GracefulShutdown         : Graceful shutdown complete
2026-03-25T14:05:28.224+01:00  INFO 33824 --- [Projet-API-Pizza] [Thread-1] j.LocalContainerEntityManagerFactoryBean : Closing JPA EntityManagerFactory for persistence unit 'default'
2026-03-25T14:05:28.306+01:00  INFO 33824 --- [Projet-API-Pizza] [Thread-1] com.zaxxer.hikari.HikariDataSource       : HikariPool-1 - Shutdown initiated...
2026-03-25T14:05:28.322+01:00  INFO 33824 --- [Projet-API-Pizza] [Thread-1] com.zaxxer.hikari.HikariDataSource       : HikariPool-1 - Shutdown completed.
2026-03-25T14:05:28.825+01:00  INFO 33824 --- [Projet-API-Pizza] [restartedMain] c.a.p.ProjetApiPizzaApplication          : Starting ProjetApiPizzaApplication using Java 25.0.2 with PID 33824 (C:\Users\celine.denis\IdeaProjects\Projet-API-Pizza\target\classes started by celine.denis in C:\Users\celine.denis\IdeaProjects\Projet-API-Pizza)
2026-03-25T14:05:28.825+01:00  INFO 33824 --- [Projet-API-Pizza] [restartedMain] c.a.p.ProjetApiPizzaApplication          : No active profile set, falling back to 1 default profile: "default"
2026-03-25T14:05:29.774+01:00  INFO 33824 --- [Projet-API-Pizza] [restartedMain] .s.d.r.c.RepositoryConfigurationDelegate : Bootstrapping Spring Data JPA repositories in DEFAULT mode.
2026-03-25T14:05:29.793+01:00  INFO 33824 --- [Projet-API-Pizza] [restartedMain] .s.d.r.c.RepositoryConfigurationDelegate : Finished Spring Data repository scanning in 15 ms. Found 2 JPA repository interfaces.
2026-03-25T14:05:29.895+01:00  INFO 33824 --- [Projet-API-Pizza] [restartedMain] o.s.boot.tomcat.TomcatWebServer          : Tomcat initialized with port 9999 (http)
2026-03-25T14:05:29.897+01:00  INFO 33824 --- [Projet-API-Pizza] [restartedMain] o.apache.catalina.core.StandardService   : Starting service [Tomcat]
2026-03-25T14:05:29.897+01:00  INFO 33824 --- [Projet-API-Pizza] [restartedMain] o.apache.catalina.core.StandardEngine    : Starting Servlet engine: [Apache Tomcat/11.0.18]
2026-03-25T14:05:29.927+01:00  INFO 33824 --- [Projet-API-Pizza] [restartedMain] b.w.c.s.WebApplicationContextInitializer : Root WebApplicationContext: initialization completed in 1094 ms
2026-03-25T14:05:29.965+01:00  INFO 33824 --- [Projet-API-Pizza] [restartedMain] org.hibernate.orm.jpa                    : HHH008540: Processing PersistenceUnitInfo [name: default]
2026-03-25T14:05:30.027+01:00  INFO 33824 --- [Projet-API-Pizza] [restartedMain] o.s.o.j.p.SpringPersistenceUnitInfo      : No LoadTimeWeaver setup: ignoring JPA class transformer
2026-03-25T14:05:30.032+01:00  INFO 33824 --- [Projet-API-Pizza] [restartedMain] com.zaxxer.hikari.HikariDataSource       : HikariPool-2 - Starting...
2026-03-25T14:05:30.066+01:00  INFO 33824 --- [Projet-API-Pizza] [restartedMain] com.zaxxer.hikari.pool.HikariPool        : HikariPool-2 - Added connection org.postgresql.jdbc.PgConnection@5665502e
2026-03-25T14:05:30.067+01:00  INFO 33824 --- [Projet-API-Pizza] [restartedMain] com.zaxxer.hikari.HikariDataSource       : HikariPool-2 - Start completed.
2026-03-25T14:05:30.088+01:00  INFO 33824 --- [Projet-API-Pizza] [restartedMain] org.hibernate.orm.connections.pooling    : HHH10001005: Database info:
	Database JDBC URL [jdbc:postgresql://127.0.0.1:5432/mydb]
	Database driver: PostgreSQL JDBC Driver
	Database dialect: PostgreSQLDialect
	Database version: 18.3
	Default catalog/schema: mydb/public
	Autocommit mode: undefined/unknown
	Isolation level: READ_COMMITTED [default READ_COMMITTED]
	JDBC fetch size: none
	Pool: DataSourceConnectionProvider
	Minimum pool size: undefined/unknown
	Maximum pool size: undefined/unknown
2026-03-25T14:05:30.189+01:00  INFO 33824 --- [Projet-API-Pizza] [restartedMain] org.hibernate.orm.core                   : HHH000489: No JTA platform available (set 'hibernate.transaction.jta.platform' to enable JTA platform integration)
2026-03-25T14:05:30.244+01:00  INFO 33824 --- [Projet-API-Pizza] [restartedMain] j.LocalContainerEntityManagerFactoryBean : Initialized JPA EntityManagerFactory for persistence unit 'default'
2026-03-25T14:05:30.285+01:00  WARN 33824 --- [Projet-API-Pizza] [restartedMain] ConfigServletWebServerApplicationContext : Exception encountered during context initialization - cancelling refresh attempt: org.springframework.beans.factory.UnsatisfiedDependencyException: Error creating bean with name 'customerController' defined in file [C:\Users\celine.denis\IdeaProjects\Projet-API-Pizza\target\classes\com\accenture\projetapipizza\controller\CustomerController.class]: Unsatisfied dependency expressed through constructor parameter 0: No qualifying bean of type 'com.accenture.projetapipizza.service.CustomerService' available: expected at least 1 bean which qualifies as autowire candidate. Dependency annotations: {}
2026-03-25T14:05:30.286+01:00  INFO 33824 --- [Projet-API-Pizza] [restartedMain] j.LocalContainerEntityManagerFactoryBean : Closing JPA EntityManagerFactory for persistence unit 'default'
2026-03-25T14:05:30.286+01:00  INFO 33824 --- [Projet-API-Pizza] [restartedMain] com.zaxxer.hikari.HikariDataSource       : HikariPool-2 - Shutdown initiated...
2026-03-25T14:05:30.289+01:00  INFO 33824 --- [Projet-API-Pizza] [restartedMain] com.zaxxer.hikari.HikariDataSource       : HikariPool-2 - Shutdown completed.
2026-03-25T14:05:30.291+01:00  INFO 33824 --- [Projet-API-Pizza] [restartedMain] o.apache.catalina.core.StandardService   : Stopping service [Tomcat]
2026-03-25T14:05:30.299+01:00  INFO 33824 --- [Projet-API-Pizza] [restartedMain] .s.b.a.l.ConditionEvaluationReportLogger : 

Error starting ApplicationContext. To display the condition evaluation report re-run your application with 'debug' enabled.
2026-03-25T14:05:30.324+01:00 ERROR 33824 --- [Projet-API-Pizza] [restartedMain] o.s.b.d.LoggingFailureAnalysisReporter   : 

***************************
APPLICATION FAILED TO START
***************************

Description:

Parameter 0 of constructor in com.accenture.projetapipizza.controller.CustomerController required a bean of type 'com.accenture.projetapipizza.service.CustomerService' that could not be found.


Action:

Consider defining a bean of type 'com.accenture.projetapipizza.service.CustomerService' in your configuration.

2026-03-25T14:05:42.921+01:00  INFO 33824 --- [Projet-API-Pizza] [restartedMain] c.a.p.ProjetApiPizzaApplication          : Starting ProjetApiPizzaApplication using Java 25.0.2 with PID 33824 (C:\Users\celine.denis\IdeaProjects\Projet-API-Pizza\target\classes started by celine.denis in C:\Users\celine.denis\IdeaProjects\Projet-API-Pizza)
2026-03-25T14:05:42.921+01:00  INFO 33824 --- [Projet-API-Pizza] [restartedMain] c.a.p.ProjetApiPizzaApplication          : No active profile set, falling back to 1 default profile: "default"
2026-03-25T14:05:43.100+01:00  INFO 33824 --- [Projet-API-Pizza] [restartedMain] .s.d.r.c.RepositoryConfigurationDelegate : Bootstrapping Spring Data JPA repositories in DEFAULT mode.
2026-03-25T14:05:43.119+01:00  INFO 33824 --- [Projet-API-Pizza] [restartedMain] .s.d.r.c.RepositoryConfigurationDelegate : Finished Spring Data repository scanning in 18 ms. Found 2 JPA repository interfaces.
2026-03-25T14:05:43.201+01:00  INFO 33824 --- [Projet-API-Pizza] [restartedMain] o.s.boot.tomcat.TomcatWebServer          : Tomcat initialized with port 9999 (http)
2026-03-25T14:05:43.204+01:00  INFO 33824 --- [Projet-API-Pizza] [restartedMain] o.apache.catalina.core.StandardService   : Starting service [Tomcat]
2026-03-25T14:05:43.204+01:00  INFO 33824 --- [Projet-API-Pizza] [restartedMain] o.apache.catalina.core.StandardEngine    : Starting Servlet engine: [Apache Tomcat/11.0.18]
2026-03-25T14:05:43.243+01:00  INFO 33824 --- [Projet-API-Pizza] [restartedMain] b.w.c.s.WebApplicationContextInitializer : Root WebApplicationContext: initialization completed in 320 ms
2026-03-25T14:05:43.269+01:00  INFO 33824 --- [Projet-API-Pizza] [restartedMain] org.hibernate.orm.jpa                    : HHH008540: Processing PersistenceUnitInfo [name: default]
2026-03-25T14:05:43.287+01:00  INFO 33824 --- [Projet-API-Pizza] [restartedMain] o.s.o.j.p.SpringPersistenceUnitInfo      : No LoadTimeWeaver setup: ignoring JPA class transformer
2026-03-25T14:05:43.288+01:00  INFO 33824 --- [Projet-API-Pizza] [restartedMain] com.zaxxer.hikari.HikariDataSource       : HikariPool-3 - Starting...
2026-03-25T14:05:43.308+01:00  INFO 33824 --- [Projet-API-Pizza] [restartedMain] com.zaxxer.hikari.pool.HikariPool        : HikariPool-3 - Added connection org.postgresql.jdbc.PgConnection@36a79bb
2026-03-25T14:05:43.309+01:00  INFO 33824 --- [Projet-API-Pizza] [restartedMain] com.zaxxer.hikari.HikariDataSource       : HikariPool-3 - Start completed.
2026-03-25T14:05:43.315+01:00  INFO 33824 --- [Projet-API-Pizza] [restartedMain] org.hibernate.orm.connections.pooling    : HHH10001005: Database info:
	Database JDBC URL [jdbc:postgresql://127.0.0.1:5432/mydb]
	Database driver: PostgreSQL JDBC Driver
	Database dialect: PostgreSQLDialect
	Database version: 18.3
	Default catalog/schema: mydb/public
	Autocommit mode: undefined/unknown
	Isolation level: READ_COMMITTED [default READ_COMMITTED]
	JDBC fetch size: none
	Pool: DataSourceConnectionProvider
	Minimum pool size: undefined/unknown
	Maximum pool size: undefined/unknown
2026-03-25T14:05:43.373+01:00  INFO 33824 --- [Projet-API-Pizza] [restartedMain] org.hibernate.orm.core                   : HHH000489: No JTA platform available (set 'hibernate.transaction.jta.platform' to enable JTA platform integration)
2026-03-25T14:05:43.393+01:00  INFO 33824 --- [Projet-API-Pizza] [restartedMain] j.LocalContainerEntityManagerFactoryBean : Initialized JPA EntityManagerFactory for persistence unit 'default'
2026-03-25T14:05:43.523+01:00  WARN 33824 --- [Projet-API-Pizza] [restartedMain] JpaBaseConfiguration$JpaWebConfiguration : spring.jpa.open-in-view is enabled by default. Therefore, database queries may be performed during view rendering. Explicitly configure spring.jpa.open-in-view to disable this warning
2026-03-25T14:05:43.636+01:00  INFO 33824 --- [Projet-API-Pizza] [restartedMain] o.s.b.h.a.H2ConsoleAutoConfiguration     : H2 console available at '/h2-console'. Database available at 'jdbc:postgresql://127.0.0.1:5432/mydb'
2026-03-25T14:05:43.652+01:00  INFO 33824 --- [Projet-API-Pizza] [restartedMain] o.s.boot.tomcat.TomcatWebServer          : Tomcat started on port 9999 (http) with context path '/'
2026-03-25T14:05:43.654+01:00  INFO 33824 --- [Projet-API-Pizza] [restartedMain] c.a.p.ProjetApiPizzaApplication          : Started ProjetApiPizzaApplication in 0.749 seconds (process running for 8191.604)
2026-03-25T14:05:43.655+01:00  WARN 33824 --- [Projet-API-Pizza] [restartedMain] o.s.core.events.SpringDocAppInitializer  : SpringDoc /v3/api-docs endpoint is enabled by default. To disable it in production, set the property 'springdoc.api-docs.enabled=false'
2026-03-25T14:05:43.655+01:00  WARN 33824 --- [Projet-API-Pizza] [restartedMain] o.s.core.events.SpringDocAppInitializer  : SpringDoc /swagger-ui.html endpoint is enabled by default. To disable it in production, set the property 'springdoc.swagger-ui.enabled=false'
2026-03-25T14:05:43.656+01:00  INFO 33824 --- [Projet-API-Pizza] [restartedMain] .ConditionEvaluationDeltaLoggingListener : Condition evaluation unchanged
2026-03-25T14:24:13.996+01:00  INFO 24372 --- [Projet-API-Pizza] [main] .a.p.c.CustomerControllerIntegrationTest : Starting CustomerControllerIntegrationTest using Java 25.0.2 with PID 24372 (started by celine.denis in C:\Users\celine.denis\IdeaProjects\Projet-API-Pizza)
2026-03-25T14:24:13.999+01:00  INFO 24372 --- [Projet-API-Pizza] [main] .a.p.c.CustomerControllerIntegrationTest : No active profile set, falling back to 1 default profile: "default"
2026-03-25T14:24:17.436+01:00  INFO 24372 --- [Projet-API-Pizza] [main] o.s.b.t.m.w.SpringBootMockServletContext : Initializing Spring TestDispatcherServlet ''
2026-03-25T14:24:17.437+01:00  INFO 24372 --- [Projet-API-Pizza] [main] o.s.t.web.servlet.TestDispatcherServlet  : Initializing Servlet ''
2026-03-25T14:24:17.439+01:00  INFO 24372 --- [Projet-API-Pizza] [main] o.s.t.web.servlet.TestDispatcherServlet  : Completed initialization in 2 ms
2026-03-25T14:24:17.487+01:00  INFO 24372 --- [Projet-API-Pizza] [main] .a.p.c.CustomerControllerIntegrationTest : Started CustomerControllerIntegrationTest in 4.035 seconds (process running for 5.994)
2026-03-25T14:24:17.503+01:00  WARN 24372 --- [Projet-API-Pizza] [main] o.s.test.context.TestContextManager      : Caught exception while allowing TestExecutionListener [org.springframework.test.context.support.DependencyInjectionTestExecutionListener] to prepare test instance [com.accenture.projetapipizza.controller.CustomerControllerIntegrationTest@7a34c1f6]

org.springframework.beans.factory.UnsatisfiedDependencyException: Error creating bean with name 'com.accenture.projetapipizza.controller.CustomerControllerIntegrationTest': Unsatisfied dependency expressed through field 'customerDao': No qualifying bean of type 'com.accenture.projetapipizza.repository.CustomerDao' available: expected at least 1 bean which qualifies as autowire candidate. Dependency annotations: {@org.springframework.beans.factory.annotation.Autowired(required=true)}
	at org.springframework.beans.factory.annotation.AutowiredAnnotationBeanPostProcessor$AutowiredFieldElement.resolveFieldValue(AutowiredAnnotationBeanPostProcessor.java:767) ~[spring-beans-7.0.6.jar:7.0.6]
	at org.springframework.beans.factory.annotation.AutowiredAnnotationBeanPostProcessor$AutowiredFieldElement.inject(AutowiredAnnotationBeanPostProcessor.java:748) ~[spring-beans-7.0.6.jar:7.0.6]
	at org.springframework.beans.factory.annotation.InjectionMetadata.inject(InjectionMetadata.java:146) ~[spring-beans-7.0.6.jar:7.0.6]
	at org.springframework.beans.factory.annotation.AutowiredAnnotationBeanPostProcessor.postProcessProperties(AutowiredAnnotationBeanPostProcessor.java:493) ~[spring-beans-7.0.6.jar:7.0.6]
	at org.springframework.beans.factory.support.AbstractAutowireCapableBeanFactory.populateBean(AbstractAutowireCapableBeanFactory.java:1446) ~[spring-beans-7.0.6.jar:7.0.6]
	at org.springframework.beans.factory.support.AbstractAutowireCapableBeanFactory.autowireBeanProperties(AbstractAutowireCapableBeanFactory.java:402) ~[spring-beans-7.0.6.jar:7.0.6]
	at org.springframework.test.context.support.DependencyInjectionTestExecutionListener.injectDependencies(DependencyInjectionTestExecutionListener.java:157) ~[spring-test-7.0.6.jar:7.0.6]
	at org.springframework.test.context.support.DependencyInjectionTestExecutionListener.prepareTestInstance(DependencyInjectionTestExecutionListener.java:111) ~[spring-test-7.0.6.jar:7.0.6]
	at org.springframework.test.context.TestContextManager.prepareTestInstance(TestContextManager.java:260) ~[spring-test-7.0.6.jar:7.0.6]
	at org.springframework.test.context.junit.jupiter.SpringExtension.postProcessTestInstance(SpringExtension.java:210) ~[spring-test-7.0.6.jar:7.0.6]
	at org.junit.jupiter.engine.descriptor.ClassBasedTestDescriptor.lambda$invokeTestInstancePostProcessors$1(ClassBasedTestDescriptor.java:423) ~[junit-jupiter-engine-6.0.3.jar:6.0.3]
	at org.junit.jupiter.engine.descriptor.ClassBasedTestDescriptor.executeAndMaskThrowable(ClassBasedTestDescriptor.java:428) ~[junit-jupiter-engine-6.0.3.jar:6.0.3]
	at org.junit.jupiter.engine.descriptor.ClassBasedTestDescriptor.lambda$invokeTestInstancePostProcessors$0(ClassBasedTestDescriptor.java:422) ~[junit-jupiter-engine-6.0.3.jar:6.0.3]
	at java.base/java.util.stream.ForEachOps$ForEachOp$OfRef.accept(ForEachOps.java:186) ~[na:na]
	at java.base/java.util.stream.ReferencePipeline$3$1.accept(ReferencePipeline.java:214) ~[na:na]
	at java.base/java.util.stream.ReferencePipeline$2$1.accept(ReferencePipeline.java:197) ~[na:na]
	at java.base/java.util.stream.ReferencePipeline$3$1.accept(ReferencePipeline.java:214) ~[na:na]
	at java.base/java.util.ArrayList$ArrayListSpliterator.forEachRemaining(ArrayList.java:1716) ~[na:na]
	at java.base/java.util.stream.AbstractPipeline.copyInto(AbstractPipeline.java:570) ~[na:na]
	at java.base/java.util.stream.AbstractPipeline.wrapAndCopyInto(AbstractPipeline.java:560) ~[na:na]
	at java.base/java.util.stream.ForEachOps$ForEachOp.evaluateSequential(ForEachOps.java:153) ~[na:na]
	at java.base/java.util.stream.ForEachOps$ForEachOp$OfRef.evaluateSequential(ForEachOps.java:176) ~[na:na]
	at java.base/java.util.stream.AbstractPipeline.evaluate(AbstractPipeline.java:265) ~[na:na]
	at java.base/java.util.stream.ReferencePipeline.forEach(ReferencePipeline.java:632) ~[na:na]
	at org.junit.jupiter.engine.descriptor.ClassBasedTestDescriptor.invokeTestInstancePostProcessors(ClassBasedTestDescriptor.java:422) ~[junit-jupiter-engine-6.0.3.jar:6.0.3]
	at org.junit.jupiter.engine.descriptor.ClassBasedTestDescriptor.lambda$instantiateAndPostProcessTestInstance$0(ClassBasedTestDescriptor.java:334) ~[junit-jupiter-engine-6.0.3.jar:6.0.3]
	at org.junit.platform.engine.support.hierarchical.ThrowableCollector.execute(ThrowableCollector.java:74) ~[junit-platform-engine-6.0.3.jar:6.0.3]
	at org.junit.jupiter.engine.descriptor.ClassBasedTestDescriptor.instantiateAndPostProcessTestInstance(ClassBasedTestDescriptor.java:333) ~[junit-jupiter-engine-6.0.3.jar:6.0.3]
	at org.junit.jupiter.engine.descriptor.ClassBasedTestDescriptor.lambda$testInstancesProvider$1(ClassBasedTestDescriptor.java:322) ~[junit-jupiter-engine-6.0.3.jar:6.0.3]
	at java.base/java.util.Optional.orElseGet(Optional.java:364) ~[na:na]
	at org.junit.jupiter.engine.descriptor.ClassBasedTestDescriptor.lambda$testInstancesProvider$0(ClassBasedTestDescriptor.java:321) ~[junit-jupiter-engine-6.0.3.jar:6.0.3]
	at org.junit.jupiter.engine.execution.TestInstancesProvider.getTestInstances(TestInstancesProvider.java:27) ~[junit-jupiter-engine-6.0.3.jar:6.0.3]
	at org.junit.jupiter.engine.descriptor.TestMethodTestDescriptor.lambda$prepare$0(TestMethodTestDescriptor.java:127) ~[junit-jupiter-engine-6.0.3.jar:6.0.3]
	at org.junit.platform.engine.support.hierarchical.ThrowableCollector.execute(ThrowableCollector.java:74) ~[junit-platform-engine-6.0.3.jar:6.0.3]
	at org.junit.jupiter.engine.descriptor.TestMethodTestDescriptor.prepare(TestMethodTestDescriptor.java:126) ~[junit-jupiter-engine-6.0.3.jar:6.0.3]
	at org.junit.jupiter.engine.descriptor.TestMethodTestDescriptor.prepare(TestMethodTestDescriptor.java:70) ~[junit-jupiter-engine-6.0.3.jar:6.0.3]
	at org.junit.platform.engine.support.hierarchical.NodeTestTask.lambda$prepare$0(NodeTestTask.java:144) ~[junit-platform-engine-6.0.3.jar:6.0.3]
	at org.junit.platform.engine.support.hierarchical.ThrowableCollector.execute(ThrowableCollector.java:74) ~[junit-platform-engine-6.0.3.jar:6.0.3]
	at org.junit.platform.engine.support.hierarchical.NodeTestTask.prepare(NodeTestTask.java:144) ~[junit-platform-engine-6.0.3.jar:6.0.3]
	at org.junit.platform.engine.support.hierarchical.NodeTestTask.execute(NodeTestTask.java:110) ~[junit-platform-engine-6.0.3.jar:6.0.3]
	at java.base/java.util.ArrayList.forEach(ArrayList.java:1604) ~[na:na]
	at org.junit.platform.engine.support.hierarchical.SameThreadHierarchicalTestExecutorService.invokeAll(SameThreadHierarchicalTestExecutorService.java:42) ~[junit-platform-engine-6.0.3.jar:6.0.3]
	at org.junit.platform.engine.support.hierarchical.NodeTestTask.lambda$executeRecursively$2(NodeTestTask.java:180) ~[junit-platform-engine-6.0.3.jar:6.0.3]
	at org.junit.platform.engine.support.hierarchical.ThrowableCollector.execute(ThrowableCollector.java:74) ~[junit-platform-engine-6.0.3.jar:6.0.3]
	at org.junit.platform.engine.support.hierarchical.NodeTestTask.lambda$executeRecursively$1(NodeTestTask.java:166) ~[junit-platform-engine-6.0.3.jar:6.0.3]
	at org.junit.platform.engine.support.hierarchical.Node.around(Node.java:138) ~[junit-platform-engine-6.0.3.jar:6.0.3]
	at org.junit.platform.engine.support.hierarchical.NodeTestTask.lambda$executeRecursively$0(NodeTestTask.java:164) ~[junit-platform-engine-6.0.3.jar:6.0.3]
	at org.junit.platform.engine.support.hierarchical.ThrowableCollector.execute(ThrowableCollector.java:74) ~[junit-platform-engine-6.0.3.jar:6.0.3]
	at org.junit.platform.engine.support.hierarchical.NodeTestTask.executeRecursively(NodeTestTask.java:163) ~[junit-platform-engine-6.0.3.jar:6.0.3]
	at org.junit.platform.engine.support.hierarchical.NodeTestTask.execute(NodeTestTask.java:116) ~[junit-platform-engine-6.0.3.jar:6.0.3]
	at java.base/java.util.ArrayList.forEach(ArrayList.java:1604) ~[na:na]
	at org.junit.platform.engine.support.hierarchical.SameThreadHierarchicalTestExecutorService.invokeAll(SameThreadHierarchicalTestExecutorService.java:42) ~[junit-platform-engine-6.0.3.jar:6.0.3]
	at org.junit.platform.engine.support.hierarchical.NodeTestTask.lambda$executeRecursively$2(NodeTestTask.java:180) ~[junit-platform-engine-6.0.3.jar:6.0.3]
	at org.junit.platform.engine.support.hierarchical.ThrowableCollector.execute(ThrowableCollector.java:74) ~[junit-platform-engine-6.0.3.jar:6.0.3]
	at org.junit.platform.engine.support.hierarchical.NodeTestTask.lambda$executeRecursively$1(NodeTestTask.java:166) ~[junit-platform-engine-6.0.3.jar:6.0.3]
	at org.junit.platform.engine.support.hierarchical.Node.around(Node.java:138) ~[junit-platform-engine-6.0.3.jar:6.0.3]
	at org.junit.platform.engine.support.hierarchical.NodeTestTask.lambda$executeRecursively$0(NodeTestTask.java:164) ~[junit-platform-engine-6.0.3.jar:6.0.3]
	at org.junit.platform.engine.support.hierarchical.ThrowableCollector.execute(ThrowableCollector.java:74) ~[junit-platform-engine-6.0.3.jar:6.0.3]
	at org.junit.platform.engine.support.hierarchical.NodeTestTask.executeRecursively(NodeTestTask.java:163) ~[junit-platform-engine-6.0.3.jar:6.0.3]
	at org.junit.platform.engine.support.hierarchical.NodeTestTask.execute(NodeTestTask.java:116) ~[junit-platform-engine-6.0.3.jar:6.0.3]
	at org.junit.platform.engine.support.hierarchical.SameThreadHierarchicalTestExecutorService.submit(SameThreadHierarchicalTestExecutorService.java:36) ~[junit-platform-engine-6.0.3.jar:6.0.3]
	at org.junit.platform.engine.support.hierarchical.HierarchicalTestExecutor.execute(HierarchicalTestExecutor.java:52) ~[junit-platform-engine-6.0.3.jar:6.0.3]
	at org.junit.platform.engine.support.hierarchical.HierarchicalTestEngine.execute(HierarchicalTestEngine.java:58) ~[junit-platform-engine-6.0.3.jar:6.0.3]
	at org.junit.platform.launcher.core.EngineExecutionOrchestrator.executeEngine(EngineExecutionOrchestrator.java:246) ~[junit-platform-launcher-6.0.3.jar:6.0.3]
	at org.junit.platform.launcher.core.EngineExecutionOrchestrator.failOrExecuteEngine(EngineExecutionOrchestrator.java:218) ~[junit-platform-launcher-6.0.3.jar:6.0.3]
	at org.junit.platform.launcher.core.EngineExecutionOrchestrator.execute(EngineExecutionOrchestrator.java:179) ~[junit-platform-launcher-6.0.3.jar:6.0.3]
	at org.junit.platform.launcher.core.EngineExecutionOrchestrator.execute(EngineExecutionOrchestrator.java:108) ~[junit-platform-launcher-6.0.3.jar:6.0.3]
	at org.junit.platform.launcher.core.EngineExecutionOrchestrator.lambda$execute$0(EngineExecutionOrchestrator.java:66) ~[junit-platform-launcher-6.0.3.jar:6.0.3]
	at org.junit.platform.launcher.core.EngineExecutionOrchestrator.withInterceptedStreams(EngineExecutionOrchestrator.java:157) ~[junit-platform-launcher-6.0.3.jar:6.0.3]
	at org.junit.platform.launcher.core.EngineExecutionOrchestrator.execute(EngineExecutionOrchestrator.java:65) ~[junit-platform-launcher-6.0.3.jar:6.0.3]
	at org.junit.platform.launcher.core.DefaultLauncher.execute(DefaultLauncher.java:125) ~[junit-platform-launcher-6.0.3.jar:6.0.3]
	at org.junit.platform.launcher.core.DefaultLauncher.execute(DefaultLauncher.java:114) ~[junit-platform-launcher-6.0.3.jar:6.0.3]
	at org.junit.platform.launcher.core.DefaultLauncher.execute(DefaultLauncher.java:93) ~[junit-platform-launcher-6.0.3.jar:6.0.3]
	at org.junit.platform.launcher.core.DelegatingLauncher.execute(DelegatingLauncher.java:48) ~[junit-platform-launcher-6.0.3.jar:6.0.3]
	at org.junit.platform.launcher.core.InterceptingLauncher.lambda$execute$0(InterceptingLauncher.java:41) ~[junit-platform-launcher-6.0.3.jar:6.0.3]
	at org.junit.platform.launcher.core.ClasspathAlignmentCheckingLauncherInterceptor.intercept(ClasspathAlignmentCheckingLauncherInterceptor.java:25) ~[junit-platform-launcher-6.0.3.jar:6.0.3]
	at org.junit.platform.launcher.core.InterceptingLauncher.execute(InterceptingLauncher.java:40) ~[junit-platform-launcher-6.0.3.jar:6.0.3]
	at org.junit.platform.launcher.core.DelegatingLauncher.execute(DelegatingLauncher.java:48) ~[junit-platform-launcher-6.0.3.jar:6.0.3]
	at org.junit.platform.launcher.core.SessionPerRequestLauncher.execute(SessionPerRequestLauncher.java:67) ~[junit-platform-launcher-6.0.3.jar:6.0.3]
	at com.intellij.junit6.JUnit6IdeaTestRunner.startRunnerWithArgs(JUnit6IdeaTestRunner.java:67) ~[junit6-rt.jar:na]
	at com.intellij.rt.junit.IdeaTestRunner$Repeater$1.execute(IdeaTestRunner.java:38) ~[junit-rt.jar:na]
	at com.intellij.rt.execution.junit.TestsRepeater.repeat(TestsRepeater.java:11) ~[idea_rt.jar:na]
	at com.intellij.rt.junit.IdeaTestRunner$Repeater.startRunnerWithArgs(IdeaTestRunner.java:35) ~[junit-rt.jar:na]
	at com.intellij.rt.junit.JUnitStarter.prepareStreamsAndStart(JUnitStarter.java:237) ~[junit-rt.jar:na]
	at com.intellij.rt.junit.JUnitStarter.main(JUnitStarter.java:58) ~[junit-rt.jar:na]
Caused by: org.springframework.beans.factory.NoSuchBeanDefinitionException: No qualifying bean of type 'com.accenture.projetapipizza.repository.CustomerDao' available: expected at least 1 bean which qualifies as autowire candidate. Dependency annotations: {@org.springframework.beans.factory.annotation.Autowired(required=true)}
	at org.springframework.beans.factory.support.DefaultListableBeanFactory.raiseNoMatchingBeanFound(DefaultListableBeanFactory.java:2297) ~[spring-beans-7.0.6.jar:7.0.6]
	at org.springframework.beans.factory.support.DefaultListableBeanFactory.doResolveDependency(DefaultListableBeanFactory.java:1725) ~[spring-beans-7.0.6.jar:7.0.6]
	at org.springframework.beans.factory.support.DefaultListableBeanFactory.resolveDependency(DefaultListableBeanFactory.java:1651) ~[spring-beans-7.0.6.jar:7.0.6]
	at org.springframework.beans.factory.annotation.AutowiredAnnotationBeanPostProcessor$AutowiredFieldElement.resolveFieldValue(AutowiredAnnotationBeanPostProcessor.java:764) ~[spring-beans-7.0.6.jar:7.0.6]
	... 84 common frames omitted

2026-03-25T14:25:39.970+01:00  INFO 30120 --- [Projet-API-Pizza] [main] .a.p.c.CustomerControllerIntegrationTest : Starting CustomerControllerIntegrationTest using Java 25.0.2 with PID 30120 (started by celine.denis in C:\Users\celine.denis\IdeaProjects\Projet-API-Pizza)
2026-03-25T14:25:39.971+01:00  INFO 30120 --- [Projet-API-Pizza] [main] .a.p.c.CustomerControllerIntegrationTest : No active profile set, falling back to 1 default profile: "default"
2026-03-25T14:25:43.147+01:00  INFO 30120 --- [Projet-API-Pizza] [main] o.s.b.t.m.w.SpringBootMockServletContext : Initializing Spring TestDispatcherServlet ''
2026-03-25T14:25:43.148+01:00  INFO 30120 --- [Projet-API-Pizza] [main] o.s.t.web.servlet.TestDispatcherServlet  : Initializing Servlet ''
2026-03-25T14:25:43.152+01:00  INFO 30120 --- [Projet-API-Pizza] [main] o.s.t.web.servlet.TestDispatcherServlet  : Completed initialization in 3 ms
2026-03-25T14:25:43.183+01:00  INFO 30120 --- [Projet-API-Pizza] [main] .a.p.c.CustomerControllerIntegrationTest : Started CustomerControllerIntegrationTest in 3.703 seconds (process running for 5.647)
2026-03-25T14:26:01.948+01:00  INFO 29940 --- [Projet-API-Pizza] [main] ustomerControllerIntegrationEndToEndTest : Starting CustomerControllerIntegrationEndToEndTest using Java 25.0.2 with PID 29940 (started by celine.denis in C:\Users\celine.denis\IdeaProjects\Projet-API-Pizza)
2026-03-25T14:26:01.950+01:00  INFO 29940 --- [Projet-API-Pizza] [main] ustomerControllerIntegrationEndToEndTest : The following 1 profile is active: "test"
2026-03-25T14:26:02.916+01:00  INFO 29940 --- [Projet-API-Pizza] [main] .s.d.r.c.RepositoryConfigurationDelegate : Bootstrapping Spring Data JPA repositories in DEFAULT mode.
2026-03-25T14:26:02.986+01:00  INFO 29940 --- [Projet-API-Pizza] [main] .s.d.r.c.RepositoryConfigurationDelegate : Finished Spring Data repository scanning in 57 ms. Found 2 JPA repository interfaces.
2026-03-25T14:26:03.696+01:00  INFO 29940 --- [Projet-API-Pizza] [main] o.s.boot.tomcat.TomcatWebServer          : Tomcat initialized with port 0 (http)
2026-03-25T14:26:03.712+01:00  INFO 29940 --- [Projet-API-Pizza] [main] o.apache.catalina.core.StandardService   : Starting service [Tomcat]
2026-03-25T14:26:03.713+01:00  INFO 29940 --- [Projet-API-Pizza] [main] o.apache.catalina.core.StandardEngine    : Starting Servlet engine: [Apache Tomcat/11.0.18]
2026-03-25T14:26:03.803+01:00  INFO 29940 --- [Projet-API-Pizza] [main] b.w.c.s.WebApplicationContextInitializer : Root WebApplicationContext: initialization completed in 1840 ms
2026-03-25T14:26:04.077+01:00  INFO 29940 --- [Projet-API-Pizza] [main] org.hibernate.orm.jpa                    : HHH008540: Processing PersistenceUnitInfo [name: default]
2026-03-25T14:26:04.171+01:00  INFO 29940 --- [Projet-API-Pizza] [main] org.hibernate.orm.core                   : HHH000001: Hibernate ORM core version 7.2.7.Final
2026-03-25T14:26:04.767+01:00  INFO 29940 --- [Projet-API-Pizza] [main] o.s.o.j.p.SpringPersistenceUnitInfo      : No LoadTimeWeaver setup: ignoring JPA class transformer
2026-03-25T14:26:04.817+01:00  INFO 29940 --- [Projet-API-Pizza] [main] com.zaxxer.hikari.HikariDataSource       : HikariPool-1 - Starting...
2026-03-25T14:26:05.075+01:00  INFO 29940 --- [Projet-API-Pizza] [main] com.zaxxer.hikari.pool.HikariPool        : HikariPool-1 - Added connection org.postgresql.jdbc.PgConnection@2f98fe6f
2026-03-25T14:26:05.077+01:00  INFO 29940 --- [Projet-API-Pizza] [main] com.zaxxer.hikari.HikariDataSource       : HikariPool-1 - Start completed.
2026-03-25T14:26:05.167+01:00  INFO 29940 --- [Projet-API-Pizza] [main] org.hibernate.orm.connections.pooling    : HHH10001005: Database info:
	Database JDBC URL [jdbc:postgresql://127.0.0.1:5432/mydb]
	Database driver: PostgreSQL JDBC Driver
	Database dialect: PostgreSQLDialect
	Database version: 18.3
	Default catalog/schema: mydb/public
	Autocommit mode: undefined/unknown
	Isolation level: READ_COMMITTED [default READ_COMMITTED]
	JDBC fetch size: none
	Pool: DataSourceConnectionProvider
	Minimum pool size: undefined/unknown
	Maximum pool size: undefined/unknown
2026-03-25T14:26:06.525+01:00  INFO 29940 --- [Projet-API-Pizza] [main] org.hibernate.orm.core                   : HHH000489: No JTA platform available (set 'hibernate.transaction.jta.platform' to enable JTA platform integration)
2026-03-25T14:26:06.625+01:00  INFO 29940 --- [Projet-API-Pizza] [main] j.LocalContainerEntityManagerFactoryBean : Initialized JPA EntityManagerFactory for persistence unit 'default'
2026-03-25T14:26:06.726+01:00  INFO 29940 --- [Projet-API-Pizza] [main] o.s.d.j.r.query.QueryEnhancerFactories   : Hibernate is in classpath; If applicable, HQL parser will be used.
2026-03-25T14:26:07.063+01:00  WARN 29940 --- [Projet-API-Pizza] [main] JpaBaseConfiguration$JpaWebConfiguration : spring.jpa.open-in-view is enabled by default. Therefore, database queries may be performed during view rendering. Explicitly configure spring.jpa.open-in-view to disable this warning
2026-03-25T14:26:08.047+01:00  INFO 29940 --- [Projet-API-Pizza] [main] o.s.boot.tomcat.TomcatWebServer          : Tomcat started on port 64368 (http) with context path '/'
2026-03-25T14:26:08.057+01:00  INFO 29940 --- [Projet-API-Pizza] [main] ustomerControllerIntegrationEndToEndTest : Started CustomerControllerIntegrationEndToEndTest in 6.499 seconds (process running for 8.238)
2026-03-25T14:26:08.062+01:00  WARN 29940 --- [Projet-API-Pizza] [main] o.s.core.events.SpringDocAppInitializer  : SpringDoc /v3/api-docs endpoint is enabled by default. To disable it in production, set the property 'springdoc.api-docs.enabled=false'
2026-03-25T14:26:08.063+01:00  WARN 29940 --- [Projet-API-Pizza] [main] o.s.core.events.SpringDocAppInitializer  : SpringDoc /swagger-ui.html endpoint is enabled by default. To disable it in production, set the property 'springdoc.swagger-ui.enabled=false'
2026-03-25T14:26:08.879+01:00  INFO 29940 --- [Projet-API-Pizza] [http-nio-auto-1-exec-1] o.a.c.c.C.[Tomcat].[localhost].[/]       : Initializing Spring DispatcherServlet 'dispatcherServlet'
2026-03-25T14:26:08.880+01:00  INFO 29940 --- [Projet-API-Pizza] [http-nio-auto-1-exec-1] o.s.web.servlet.DispatcherServlet        : Initializing Servlet 'dispatcherServlet'
2026-03-25T14:26:08.881+01:00  INFO 29940 --- [Projet-API-Pizza] [http-nio-auto-1-exec-1] o.s.web.servlet.DispatcherServlet        : Completed initialization in 1 ms
2026-03-25T14:26:09.097+01:00  INFO 29940 --- [Projet-API-Pizza] [http-nio-auto-1-exec-1] c.a.p.service.CustomerServiceImpl        : Validating and creating customer: 'John'
2026-03-25T14:26:09.135+01:00  INFO 29940 --- [Projet-API-Pizza] [http-nio-auto-1-exec-1] c.a.p.service.CustomerServiceImpl        : Customer 'John' successfully created with id=c2e3db9c-97fa-457d-bbdf-bebedc086cac
2026-03-25T14:26:09.215+01:00  INFO 29940 --- [Projet-API-Pizza] [main] c.a.p.service.CustomerServiceImpl        : Validating and creating customer: 'John'
2026-03-25T14:26:09.217+01:00  INFO 29940 --- [Projet-API-Pizza] [main] c.a.p.service.CustomerServiceImpl        : Customer 'John' successfully created with id=6bebef0b-1848-4a96-9750-471e9c8c1136
2026-03-25T14:26:09.271+01:00  INFO 29940 --- [Projet-API-Pizza] [SpringApplicationShutdownHook] o.s.boot.tomcat.GracefulShutdown         : Commencing graceful shutdown. Waiting for active requests to complete
2026-03-25T14:26:09.283+01:00  INFO 29940 --- [Projet-API-Pizza] [tomcat-shutdown] o.s.boot.tomcat.GracefulShutdown         : Graceful shutdown complete
2026-03-25T14:26:09.289+01:00  INFO 29940 --- [Projet-API-Pizza] [SpringApplicationShutdownHook] j.LocalContainerEntityManagerFactoryBean : Closing JPA EntityManagerFactory for persistence unit 'default'
2026-03-25T14:26:09.294+01:00  INFO 29940 --- [Projet-API-Pizza] [SpringApplicationShutdownHook] com.zaxxer.hikari.HikariDataSource       : HikariPool-1 - Shutdown initiated...
2026-03-25T14:26:09.306+01:00  INFO 29940 --- [Projet-API-Pizza] [SpringApplicationShutdownHook] com.zaxxer.hikari.HikariDataSource       : HikariPool-1 - Shutdown completed.
2026-03-25T14:33:02.616+01:00  INFO 33824 --- [Projet-API-Pizza] [http-nio-9999-exec-2] o.a.c.c.C.[Tomcat-1].[localhost].[/]     : Initializing Spring DispatcherServlet 'dispatcherServlet'
2026-03-25T14:33:02.631+01:00  INFO 33824 --- [Projet-API-Pizza] [http-nio-9999-exec-2] o.s.web.servlet.DispatcherServlet        : Initializing Servlet 'dispatcherServlet'
2026-03-25T14:33:02.698+01:00  INFO 33824 --- [Projet-API-Pizza] [http-nio-9999-exec-2] o.s.web.servlet.DispatcherServlet        : Completed initialization in 67 ms
2026-03-25T14:33:02.873+01:00  INFO 33824 --- [Projet-API-Pizza] [http-nio-9999-exec-2] c.a.p.service.CustomerServiceImpl        : Validating and creating customer: 'Jane'
2026-03-25T14:33:02.898+01:00  INFO 33824 --- [Projet-API-Pizza] [http-nio-9999-exec-2] c.a.p.service.CustomerServiceImpl        : Customer 'Jane' successfully created with id=f2870a27-c259-4b2b-9950-0b328a365413
2026-03-25T14:49:43.105+01:00  INFO 33824 --- [Projet-API-Pizza] [File Watcher] rtingClassPathChangeChangedEventListener : Restarting due to 1 class path change (0 additions, 1 deletion, 0 modifications)
2026-03-25T14:49:43.116+01:00  INFO 33824 --- [Projet-API-Pizza] [Thread-5] o.s.boot.tomcat.GracefulShutdown         : Commencing graceful shutdown. Waiting for active requests to complete
2026-03-25T14:49:43.132+01:00  INFO 33824 --- [Projet-API-Pizza] [tomcat-shutdown] o.s.boot.tomcat.GracefulShutdown         : Graceful shutdown complete
2026-03-25T14:49:43.143+01:00  INFO 33824 --- [Projet-API-Pizza] [Thread-5] j.LocalContainerEntityManagerFactoryBean : Closing JPA EntityManagerFactory for persistence unit 'default'
2026-03-25T14:49:43.147+01:00  INFO 33824 --- [Projet-API-Pizza] [Thread-5] com.zaxxer.hikari.HikariDataSource       : HikariPool-3 - Shutdown initiated...
2026-03-25T14:49:43.152+01:00  INFO 33824 --- [Projet-API-Pizza] [Thread-5] com.zaxxer.hikari.HikariDataSource       : HikariPool-3 - Shutdown completed.
2026-03-25T14:49:43.346+01:00  INFO 33824 --- [Projet-API-Pizza] [restartedMain] c.a.p.ProjetApiPizzaApplication          : Starting ProjetApiPizzaApplication using Java 25.0.2 with PID 33824 (C:\Users\celine.denis\IdeaProjects\Projet-API-Pizza\target\classes started by celine.denis in C:\Users\celine.denis\IdeaProjects\Projet-API-Pizza)
2026-03-25T14:49:43.347+01:00  INFO 33824 --- [Projet-API-Pizza] [restartedMain] c.a.p.ProjetApiPizzaApplication          : No active profile set, falling back to 1 default profile: "default"
2026-03-25T14:49:44.367+01:00  INFO 33824 --- [Projet-API-Pizza] [restartedMain] .s.d.r.c.RepositoryConfigurationDelegate : Bootstrapping Spring Data JPA repositories in DEFAULT mode.
2026-03-25T14:49:44.386+01:00  INFO 33824 --- [Projet-API-Pizza] [restartedMain] .s.d.r.c.RepositoryConfigurationDelegate : Finished Spring Data repository scanning in 17 ms. Found 2 JPA repository interfaces.
2026-03-25T14:49:44.520+01:00  INFO 33824 --- [Projet-API-Pizza] [restartedMain] o.s.boot.tomcat.TomcatWebServer          : Tomcat initialized with port 9999 (http)
2026-03-25T14:49:44.522+01:00  INFO 33824 --- [Projet-API-Pizza] [restartedMain] o.apache.catalina.core.StandardService   : Starting service [Tomcat]
2026-03-25T14:49:44.523+01:00  INFO 33824 --- [Projet-API-Pizza] [restartedMain] o.apache.catalina.core.StandardEngine    : Starting Servlet engine: [Apache Tomcat/11.0.18]
2026-03-25T14:49:44.577+01:00  INFO 33824 --- [Projet-API-Pizza] [restartedMain] b.w.c.s.WebApplicationContextInitializer : Root WebApplicationContext: initialization completed in 1224 ms
2026-03-25T14:49:44.636+01:00  INFO 33824 --- [Projet-API-Pizza] [restartedMain] org.hibernate.orm.jpa                    : HHH008540: Processing PersistenceUnitInfo [name: default]
2026-03-25T14:49:44.672+01:00  INFO 33824 --- [Projet-API-Pizza] [restartedMain] o.s.o.j.p.SpringPersistenceUnitInfo      : No LoadTimeWeaver setup: ignoring JPA class transformer
2026-03-25T14:49:44.675+01:00  INFO 33824 --- [Projet-API-Pizza] [restartedMain] com.zaxxer.hikari.HikariDataSource       : HikariPool-4 - Starting...
2026-03-25T14:49:44.707+01:00  INFO 33824 --- [Projet-API-Pizza] [restartedMain] com.zaxxer.hikari.pool.HikariPool        : HikariPool-4 - Added connection org.postgresql.jdbc.PgConnection@4061fefa
2026-03-25T14:49:44.708+01:00  INFO 33824 --- [Projet-API-Pizza] [restartedMain] com.zaxxer.hikari.HikariDataSource       : HikariPool-4 - Start completed.
2026-03-25T14:49:44.722+01:00  INFO 33824 --- [Projet-API-Pizza] [restartedMain] org.hibernate.orm.connections.pooling    : HHH10001005: Database info:
	Database JDBC URL [jdbc:postgresql://127.0.0.1:5432/mydb]
	Database driver: PostgreSQL JDBC Driver
	Database dialect: PostgreSQLDialect
	Database version: 18.3
	Default catalog/schema: mydb/public
	Autocommit mode: undefined/unknown
	Isolation level: READ_COMMITTED [default READ_COMMITTED]
	JDBC fetch size: none
	Pool: DataSourceConnectionProvider
	Minimum pool size: undefined/unknown
	Maximum pool size: undefined/unknown
2026-03-25T14:49:44.730+01:00  WARN 33824 --- [Projet-API-Pizza] [restartedMain] ConfigServletWebServerApplicationContext : Exception encountered during context initialization - cancelling refresh attempt: org.springframework.beans.factory.BeanCreationException: Error creating bean with name 'entityManagerFactory' defined in class path resource [org/springframework/boot/hibernate/autoconfigure/HibernateJpaConfiguration.class]: Type com.accenture.projetapipizza.model.Order not present
2026-03-25T14:49:44.731+01:00  INFO 33824 --- [Projet-API-Pizza] [restartedMain] com.zaxxer.hikari.HikariDataSource       : HikariPool-4 - Shutdown initiated...
2026-03-25T14:49:44.733+01:00  INFO 33824 --- [Projet-API-Pizza] [restartedMain] com.zaxxer.hikari.HikariDataSource       : HikariPool-4 - Shutdown completed.
2026-03-25T14:49:44.734+01:00  INFO 33824 --- [Projet-API-Pizza] [restartedMain] o.apache.catalina.core.StandardService   : Stopping service [Tomcat]
2026-03-25T14:49:44.739+01:00  INFO 33824 --- [Projet-API-Pizza] [restartedMain] .s.b.a.l.ConditionEvaluationReportLogger : 

Error starting ApplicationContext. To display the condition evaluation report re-run your application with 'debug' enabled.
2026-03-25T14:49:44.745+01:00 ERROR 33824 --- [Projet-API-Pizza] [restartedMain] o.s.boot.SpringApplication               : Application run failed

org.springframework.beans.factory.BeanCreationException: Error creating bean with name 'entityManagerFactory' defined in class path resource [org/springframework/boot/hibernate/autoconfigure/HibernateJpaConfiguration.class]: Type com.accenture.projetapipizza.model.Order not present
	at org.springframework.beans.factory.support.AbstractAutowireCapableBeanFactory.initializeBean(AbstractAutowireCapableBeanFactory.java:1817) ~[spring-beans-7.0.6.jar:7.0.6]
	at org.springframework.beans.factory.support.AbstractAutowireCapableBeanFactory.doCreateBean(AbstractAutowireCapableBeanFactory.java:603) ~[spring-beans-7.0.6.jar:7.0.6]
	at org.springframework.beans.factory.support.AbstractAutowireCapableBeanFactory.createBean(AbstractAutowireCapableBeanFactory.java:525) ~[spring-beans-7.0.6.jar:7.0.6]
	at org.springframework.beans.factory.support.AbstractBeanFactory.lambda$doGetBean$0(AbstractBeanFactory.java:333) ~[spring-beans-7.0.6.jar:7.0.6]
	at org.springframework.beans.factory.support.DefaultSingletonBeanRegistry.getSingleton(DefaultSingletonBeanRegistry.java:371) ~[spring-beans-7.0.6.jar:7.0.6]
	at org.springframework.beans.factory.support.AbstractBeanFactory.doGetBean(AbstractBeanFactory.java:331) ~[spring-beans-7.0.6.jar:7.0.6]
	at org.springframework.beans.factory.support.AbstractBeanFactory.getBean(AbstractBeanFactory.java:201) ~[spring-beans-7.0.6.jar:7.0.6]
	at org.springframework.context.support.AbstractApplicationContext.finishBeanFactoryInitialization(AbstractApplicationContext.java:977) ~[spring-context-7.0.6.jar:7.0.6]
	at org.springframework.context.support.AbstractApplicationContext.refresh(AbstractApplicationContext.java:621) ~[spring-context-7.0.6.jar:7.0.6]
	at org.springframework.boot.web.server.servlet.context.ServletWebServerApplicationContext.refresh(ServletWebServerApplicationContext.java:143) ~[spring-boot-web-server-4.0.4.jar:4.0.4]
	at org.springframework.boot.SpringApplication.refresh(SpringApplication.java:756) ~[spring-boot-4.0.4.jar:4.0.4]
	at org.springframework.boot.SpringApplication.refreshContext(SpringApplication.java:445) ~[spring-boot-4.0.4.jar:4.0.4]
	at org.springframework.boot.SpringApplication.run(SpringApplication.java:321) ~[spring-boot-4.0.4.jar:4.0.4]
	at org.springframework.boot.SpringApplication.run(SpringApplication.java:1365) ~[spring-boot-4.0.4.jar:4.0.4]
	at org.springframework.boot.SpringApplication.run(SpringApplication.java:1354) ~[spring-boot-4.0.4.jar:4.0.4]
	at com.accenture.projetapipizza.ProjetApiPizzaApplication.main(ProjetApiPizzaApplication.java:10) ~[classes/:na]
	at java.base/jdk.internal.reflect.DirectMethodHandleAccessor.invoke(DirectMethodHandleAccessor.java:104) ~[na:na]
	at java.base/java.lang.reflect.Method.invoke(Method.java:565) ~[na:na]
	at org.springframework.boot.devtools.restart.RestartLauncher.run(RestartLauncher.java:52) ~[spring-boot-devtools-4.0.4.jar:4.0.4]
Caused by: java.lang.TypeNotPresentException: Type com.accenture.projetapipizza.model.Order not present
	at java.base/sun.reflect.generics.factory.CoreReflectionFactory.makeNamedType(CoreReflectionFactory.java:120) ~[na:na]
	at java.base/sun.reflect.generics.visitor.Reifier.visitClassTypeSignature(Reifier.java:125) ~[na:na]
	at java.base/sun.reflect.generics.tree.ClassTypeSignature.accept(ClassTypeSignature.java:49) ~[na:na]
	at java.base/sun.reflect.generics.visitor.Reifier.reifyTypeArguments(Reifier.java:68) ~[na:na]
	at java.base/sun.reflect.generics.visitor.Reifier.visitClassTypeSignature(Reifier.java:138) ~[na:na]
	at java.base/sun.reflect.generics.tree.ClassTypeSignature.accept(ClassTypeSignature.java:49) ~[na:na]
	at java.base/sun.reflect.generics.repository.MethodRepository.computeReturnType(MethodRepository.java:75) ~[na:na]
	at java.base/sun.reflect.generics.repository.MethodRepository.getReturnType(MethodRepository.java:66) ~[na:na]
	at java.base/java.lang.reflect.Method.getGenericReturnType(Method.java:278) ~[na:na]
	at org.hibernate.models.internal.jdk.JdkBuilders.buildGetterDetails(JdkBuilders.java:159) ~[hibernate-models-1.0.1.jar:na]
	at org.hibernate.models.internal.jdk.JdkBuilders.buildMethodDetails(JdkBuilders.java:134) ~[hibernate-models-1.0.1.jar:na]
	at org.hibernate.models.internal.jdk.JdkClassDetails.getMethods(JdkClassDetails.java:222) ~[hibernate-models-1.0.1.jar:na]
	at org.hibernate.boot.model.internal.InheritanceState.determineDefaultAccessType(InheritanceState.java:268) ~[hibernate-core-7.2.7.Final.jar:7.2.7.Final]
	at org.hibernate.boot.model.internal.InheritanceState.getElementsToProcess(InheritanceState.java:233) ~[hibernate-core-7.2.7.Final.jar:7.2.7.Final]
	at org.hibernate.boot.model.internal.InheritanceState.postProcess(InheritanceState.java:166) ~[hibernate-core-7.2.7.Final.jar:7.2.7.Final]
	at org.hibernate.boot.model.internal.EntityBinder.handleIdentifier(EntityBinder.java:371) ~[hibernate-core-7.2.7.Final.jar:7.2.7.Final]
	at org.hibernate.boot.model.internal.EntityBinder.bindEntityClass(EntityBinder.java:217) ~[hibernate-core-7.2.7.Final.jar:7.2.7.Final]
	at org.hibernate.boot.model.internal.AnnotationBinder.bindClass(AnnotationBinder.java:247) ~[hibernate-core-7.2.7.Final.jar:7.2.7.Final]
	at org.hibernate.boot.model.source.internal.annotations.AnnotationMetadataSourceProcessorImpl.processEntityHierarchies(AnnotationMetadataSourceProcessorImpl.java:167) ~[hibernate-core-7.2.7.Final.jar:7.2.7.Final]
	at org.hibernate.boot.model.process.spi.MetadataBuildingProcess$1.processEntityHierarchies(MetadataBuildingProcess.java:318) ~[hibernate-core-7.2.7.Final.jar:7.2.7.Final]
	at org.hibernate.boot.model.process.spi.MetadataBuildingProcess.coordinateProcessors(MetadataBuildingProcess.java:352) ~[hibernate-core-7.2.7.Final.jar:7.2.7.Final]
	at org.hibernate.boot.model.process.spi.MetadataBuildingProcess.complete(MetadataBuildingProcess.java:201) ~[hibernate-core-7.2.7.Final.jar:7.2.7.Final]
	at org.hibernate.jpa.boot.internal.EntityManagerFactoryBuilderImpl.metadata(EntityManagerFactoryBuilderImpl.java:1392) ~[hibernate-core-7.2.7.Final.jar:7.2.7.Final]
	at org.hibernate.jpa.boot.internal.EntityManagerFactoryBuilderImpl.populateSessionFactoryBuilder(EntityManagerFactoryBuilderImpl.java:1472) ~[hibernate-core-7.2.7.Final.jar:7.2.7.Final]
	at org.hibernate.jpa.boot.internal.EntityManagerFactoryBuilderImpl.build(EntityManagerFactoryBuilderImpl.java:1454) ~[hibernate-core-7.2.7.Final.jar:7.2.7.Final]
	at org.springframework.orm.jpa.vendor.SpringHibernateJpaPersistenceProvider.createContainerEntityManagerFactory(SpringHibernateJpaPersistenceProvider.java:93) ~[spring-orm-7.0.6.jar:7.0.6]
	at org.springframework.orm.jpa.LocalContainerEntityManagerFactoryBean.createNativeEntityManagerFactory(LocalContainerEntityManagerFactoryBean.java:443) ~[spring-orm-7.0.6.jar:7.0.6]
	at org.springframework.orm.jpa.AbstractEntityManagerFactoryBean.buildNativeEntityManagerFactory(AbstractEntityManagerFactoryBean.java:436) ~[spring-orm-7.0.6.jar:7.0.6]
	at org.springframework.orm.jpa.AbstractEntityManagerFactoryBean.afterPropertiesSet(AbstractEntityManagerFactoryBean.java:411) ~[spring-orm-7.0.6.jar:7.0.6]
	at org.springframework.orm.jpa.LocalContainerEntityManagerFactoryBean.afterPropertiesSet(LocalContainerEntityManagerFactoryBean.java:419) ~[spring-orm-7.0.6.jar:7.0.6]
	at org.springframework.beans.factory.support.AbstractAutowireCapableBeanFactory.invokeInitMethods(AbstractAutowireCapableBeanFactory.java:1864) ~[spring-beans-7.0.6.jar:7.0.6]
	at org.springframework.beans.factory.support.AbstractAutowireCapableBeanFactory.initializeBean(AbstractAutowireCapableBeanFactory.java:1813) ~[spring-beans-7.0.6.jar:7.0.6]
	... 18 common frames omitted
Caused by: java.lang.ClassNotFoundException: com.accenture.projetapipizza.model.Order
	at java.base/jdk.internal.loader.BuiltinClassLoader.loadClass(BuiltinClassLoader.java:580) ~[na:na]
	at java.base/java.lang.ClassLoader.loadClass(ClassLoader.java:490) ~[na:na]
	at java.base/java.lang.Class.forName0(Native Method) ~[na:na]
	at java.base/java.lang.Class.forName(Class.java:547) ~[na:na]
	at org.springframework.boot.devtools.restart.classloader.RestartClassLoader.loadClass(RestartClassLoader.java:123) ~[spring-boot-devtools-4.0.4.jar:4.0.4]
	at java.base/java.lang.ClassLoader.loadClass(ClassLoader.java:490) ~[na:na]
	at java.base/java.lang.Class.forName0(Native Method) ~[na:na]
	at java.base/java.lang.Class.forName(Class.java:547) ~[na:na]
	at java.base/sun.reflect.generics.factory.CoreReflectionFactory.makeNamedType(CoreReflectionFactory.java:117) ~[na:na]
	... 49 common frames omitted

2026-03-25T14:49:58.481+01:00  INFO 33824 --- [Projet-API-Pizza] [restartedMain] c.a.p.ProjetApiPizzaApplication          : Starting ProjetApiPizzaApplication using Java 25.0.2 with PID 33824 (C:\Users\celine.denis\IdeaProjects\Projet-API-Pizza\target\classes started by celine.denis in C:\Users\celine.denis\IdeaProjects\Projet-API-Pizza)
2026-03-25T14:49:58.482+01:00  INFO 33824 --- [Projet-API-Pizza] [restartedMain] c.a.p.ProjetApiPizzaApplication          : No active profile set, falling back to 1 default profile: "default"
2026-03-25T14:49:58.895+01:00  INFO 33824 --- [Projet-API-Pizza] [restartedMain] .s.d.r.c.RepositoryConfigurationDelegate : Bootstrapping Spring Data JPA repositories in DEFAULT mode.
2026-03-25T14:49:58.920+01:00  INFO 33824 --- [Projet-API-Pizza] [restartedMain] .s.d.r.c.RepositoryConfigurationDelegate : Finished Spring Data repository scanning in 21 ms. Found 2 JPA repository interfaces.
2026-03-25T14:49:59.022+01:00  INFO 33824 --- [Projet-API-Pizza] [restartedMain] o.s.boot.tomcat.TomcatWebServer          : Tomcat initialized with port 9999 (http)
2026-03-25T14:49:59.023+01:00  INFO 33824 --- [Projet-API-Pizza] [restartedMain] o.apache.catalina.core.StandardService   : Starting service [Tomcat]
2026-03-25T14:49:59.024+01:00  INFO 33824 --- [Projet-API-Pizza] [restartedMain] o.apache.catalina.core.StandardEngine    : Starting Servlet engine: [Apache Tomcat/11.0.18]
2026-03-25T14:49:59.085+01:00  INFO 33824 --- [Projet-API-Pizza] [restartedMain] b.w.c.s.WebApplicationContextInitializer : Root WebApplicationContext: initialization completed in 600 ms
2026-03-25T14:49:59.131+01:00  INFO 33824 --- [Projet-API-Pizza] [restartedMain] org.hibernate.orm.jpa                    : HHH008540: Processing PersistenceUnitInfo [name: default]
2026-03-25T14:49:59.170+01:00  INFO 33824 --- [Projet-API-Pizza] [restartedMain] o.s.o.j.p.SpringPersistenceUnitInfo      : No LoadTimeWeaver setup: ignoring JPA class transformer
2026-03-25T14:49:59.171+01:00  INFO 33824 --- [Projet-API-Pizza] [restartedMain] com.zaxxer.hikari.HikariDataSource       : HikariPool-5 - Starting...
2026-03-25T14:49:59.204+01:00  INFO 33824 --- [Projet-API-Pizza] [restartedMain] com.zaxxer.hikari.pool.HikariPool        : HikariPool-5 - Added connection org.postgresql.jdbc.PgConnection@28d83cbe
2026-03-25T14:49:59.205+01:00  INFO 33824 --- [Projet-API-Pizza] [restartedMain] com.zaxxer.hikari.HikariDataSource       : HikariPool-5 - Start completed.
2026-03-25T14:49:59.216+01:00  INFO 33824 --- [Projet-API-Pizza] [restartedMain] org.hibernate.orm.connections.pooling    : HHH10001005: Database info:
	Database JDBC URL [jdbc:postgresql://127.0.0.1:5432/mydb]
	Database driver: PostgreSQL JDBC Driver
	Database dialect: PostgreSQLDialect
	Database version: 18.3
	Default catalog/schema: mydb/public
	Autocommit mode: undefined/unknown
	Isolation level: READ_COMMITTED [default READ_COMMITTED]
	JDBC fetch size: none
	Pool: DataSourceConnectionProvider
	Minimum pool size: undefined/unknown
	Maximum pool size: undefined/unknown
2026-03-25T14:49:59.431+01:00  INFO 33824 --- [Projet-API-Pizza] [restartedMain] org.hibernate.orm.core                   : HHH000489: No JTA platform available (set 'hibernate.transaction.jta.platform' to enable JTA platform integration)
2026-03-25T14:49:59.518+01:00  INFO 33824 --- [Projet-API-Pizza] [restartedMain] j.LocalContainerEntityManagerFactoryBean : Initialized JPA EntityManagerFactory for persistence unit 'default'
2026-03-25T14:49:59.685+01:00  WARN 33824 --- [Projet-API-Pizza] [restartedMain] JpaBaseConfiguration$JpaWebConfiguration : spring.jpa.open-in-view is enabled by default. Therefore, database queries may be performed during view rendering. Explicitly configure spring.jpa.open-in-view to disable this warning
2026-03-25T14:49:59.871+01:00  INFO 33824 --- [Projet-API-Pizza] [restartedMain] o.s.b.h.a.H2ConsoleAutoConfiguration     : H2 console available at '/h2-console'. Database available at 'jdbc:postgresql://127.0.0.1:5432/mydb'
2026-03-25T14:49:59.895+01:00  INFO 33824 --- [Projet-API-Pizza] [restartedMain] o.s.boot.tomcat.TomcatWebServer          : Tomcat started on port 9999 (http) with context path '/'
2026-03-25T14:49:59.900+01:00  INFO 33824 --- [Projet-API-Pizza] [restartedMain] c.a.p.ProjetApiPizzaApplication          : Started ProjetApiPizzaApplication in 1.459 seconds (process running for 10847.852)
2026-03-25T14:49:59.902+01:00  WARN 33824 --- [Projet-API-Pizza] [restartedMain] o.s.core.events.SpringDocAppInitializer  : SpringDoc /v3/api-docs endpoint is enabled by default. To disable it in production, set the property 'springdoc.api-docs.enabled=false'
2026-03-25T14:49:59.902+01:00  WARN 33824 --- [Projet-API-Pizza] [restartedMain] o.s.core.events.SpringDocAppInitializer  : SpringDoc /swagger-ui.html endpoint is enabled by default. To disable it in production, set the property 'springdoc.swagger-ui.enabled=false'
2026-03-25T14:49:59.903+01:00  INFO 33824 --- [Projet-API-Pizza] [restartedMain] .ConditionEvaluationDeltaLoggingListener : Condition evaluation unchanged
2026-03-25T14:50:15.842+01:00  INFO 14900 --- [Projet-API-Pizza] [main] ustomerControllerIntegrationEndToEndTest : Starting CustomerControllerIntegrationEndToEndTest using Java 25.0.2 with PID 14900 (started by celine.denis in C:\Users\celine.denis\IdeaProjects\Projet-API-Pizza)
2026-03-25T14:50:15.845+01:00  INFO 14900 --- [Projet-API-Pizza] [main] ustomerControllerIntegrationEndToEndTest : The following 1 profile is active: "test"
2026-03-25T14:50:17.721+01:00  INFO 14900 --- [Projet-API-Pizza] [main] .s.d.r.c.RepositoryConfigurationDelegate : Bootstrapping Spring Data JPA repositories in DEFAULT mode.
2026-03-25T14:50:17.828+01:00  INFO 14900 --- [Projet-API-Pizza] [main] .s.d.r.c.RepositoryConfigurationDelegate : Finished Spring Data repository scanning in 87 ms. Found 2 JPA repository interfaces.
2026-03-25T14:50:18.866+01:00  INFO 14900 --- [Projet-API-Pizza] [main] o.s.boot.tomcat.TomcatWebServer          : Tomcat initialized with port 0 (http)
2026-03-25T14:50:18.890+01:00  INFO 14900 --- [Projet-API-Pizza] [main] o.apache.catalina.core.StandardService   : Starting service [Tomcat]
2026-03-25T14:50:18.890+01:00  INFO 14900 --- [Projet-API-Pizza] [main] o.apache.catalina.core.StandardEngine    : Starting Servlet engine: [Apache Tomcat/11.0.18]
2026-03-25T14:50:19.039+01:00  INFO 14900 --- [Projet-API-Pizza] [main] b.w.c.s.WebApplicationContextInitializer : Root WebApplicationContext: initialization completed in 3168 ms
2026-03-25T14:50:19.408+01:00  INFO 14900 --- [Projet-API-Pizza] [main] org.hibernate.orm.jpa                    : HHH008540: Processing PersistenceUnitInfo [name: default]
2026-03-25T14:50:19.574+01:00  INFO 14900 --- [Projet-API-Pizza] [main] org.hibernate.orm.core                   : HHH000001: Hibernate ORM core version 7.2.7.Final
2026-03-25T14:50:20.350+01:00  INFO 14900 --- [Projet-API-Pizza] [main] o.s.o.j.p.SpringPersistenceUnitInfo      : No LoadTimeWeaver setup: ignoring JPA class transformer
2026-03-25T14:50:20.421+01:00  INFO 14900 --- [Projet-API-Pizza] [main] com.zaxxer.hikari.HikariDataSource       : HikariPool-1 - Starting...
2026-03-25T14:50:20.794+01:00  INFO 14900 --- [Projet-API-Pizza] [main] com.zaxxer.hikari.pool.HikariPool        : HikariPool-1 - Added connection org.postgresql.jdbc.PgConnection@7ec68821
2026-03-25T14:50:20.798+01:00  INFO 14900 --- [Projet-API-Pizza] [main] com.zaxxer.hikari.HikariDataSource       : HikariPool-1 - Start completed.
2026-03-25T14:50:20.944+01:00  INFO 14900 --- [Projet-API-Pizza] [main] org.hibernate.orm.connections.pooling    : HHH10001005: Database info:
	Database JDBC URL [jdbc:postgresql://127.0.0.1:5432/mydb]
	Database driver: PostgreSQL JDBC Driver
	Database dialect: PostgreSQLDialect
	Database version: 18.3
	Default catalog/schema: mydb/public
	Autocommit mode: undefined/unknown
	Isolation level: READ_COMMITTED [default READ_COMMITTED]
	JDBC fetch size: none
	Pool: DataSourceConnectionProvider
	Minimum pool size: undefined/unknown
	Maximum pool size: undefined/unknown
2026-03-25T14:50:23.314+01:00  INFO 14900 --- [Projet-API-Pizza] [main] org.hibernate.orm.core                   : HHH000489: No JTA platform available (set 'hibernate.transaction.jta.platform' to enable JTA platform integration)
2026-03-25T14:50:23.424+01:00  INFO 14900 --- [Projet-API-Pizza] [main] j.LocalContainerEntityManagerFactoryBean : Initialized JPA EntityManagerFactory for persistence unit 'default'
2026-03-25T14:50:23.529+01:00  INFO 14900 --- [Projet-API-Pizza] [main] o.s.d.j.r.query.QueryEnhancerFactories   : Hibernate is in classpath; If applicable, HQL parser will be used.
2026-03-25T14:50:23.930+01:00  WARN 14900 --- [Projet-API-Pizza] [main] JpaBaseConfiguration$JpaWebConfiguration : spring.jpa.open-in-view is enabled by default. Therefore, database queries may be performed during view rendering. Explicitly configure spring.jpa.open-in-view to disable this warning
2026-03-25T14:50:25.322+01:00  INFO 14900 --- [Projet-API-Pizza] [main] o.s.boot.tomcat.TomcatWebServer          : Tomcat started on port 52294 (http) with context path '/'
2026-03-25T14:50:25.340+01:00  INFO 14900 --- [Projet-API-Pizza] [main] ustomerControllerIntegrationEndToEndTest : Started CustomerControllerIntegrationEndToEndTest in 10.459 seconds (process running for 13.991)
2026-03-25T14:50:25.348+01:00  WARN 14900 --- [Projet-API-Pizza] [main] o.s.core.events.SpringDocAppInitializer  : SpringDoc /v3/api-docs endpoint is enabled by default. To disable it in production, set the property 'springdoc.api-docs.enabled=false'
2026-03-25T14:50:25.348+01:00  WARN 14900 --- [Projet-API-Pizza] [main] o.s.core.events.SpringDocAppInitializer  : SpringDoc /swagger-ui.html endpoint is enabled by default. To disable it in production, set the property 'springdoc.swagger-ui.enabled=false'
2026-03-25T14:50:26.484+01:00  INFO 14900 --- [Projet-API-Pizza] [http-nio-auto-1-exec-1] o.a.c.c.C.[Tomcat].[localhost].[/]       : Initializing Spring DispatcherServlet 'dispatcherServlet'
2026-03-25T14:50:26.485+01:00  INFO 14900 --- [Projet-API-Pizza] [http-nio-auto-1-exec-1] o.s.web.servlet.DispatcherServlet        : Initializing Servlet 'dispatcherServlet'
2026-03-25T14:50:26.487+01:00  INFO 14900 --- [Projet-API-Pizza] [http-nio-auto-1-exec-1] o.s.web.servlet.DispatcherServlet        : Completed initialization in 2 ms
2026-03-25T14:50:26.713+01:00  WARN 14900 --- [Projet-API-Pizza] [http-nio-auto-1-exec-1] .w.s.m.s.DefaultHandlerExceptionResolver : Resolved [org.springframework.web.bind.MethodArgumentNotValidException: Validation failed for argument [0] in public org.springframework.http.ResponseEntity<java.lang.Void> com.accenture.projetapipizza.controller.CustomerController.addCustomer(com.accenture.projetapipizza.service.dto.CustomerRequestDto): [Field error in object 'customerRequestDto' on field 'name': rejected value [null]; codes [NotBlank.customerRequestDto.name,NotBlank.name,NotBlank.java.lang.String,NotBlank]; arguments [org.springframework.context.support.DefaultMessageSourceResolvable: codes [customerRequestDto.name,name]; arguments []; default message [name]]; default message [customer.name.not.null]] ]
2026-03-25T14:50:26.841+01:00  WARN 14900 --- [Projet-API-Pizza] [main] o.j.p.l.core.DiscoveryIssueNotifier      : TestEngine with ID 'junit-jupiter' encountered a non-critical issue during test discovery:

(1) [WARNING] @DisplayName on method 'void com.accenture.projetapipizza.controller.CustomerControllerIntegrationEndToEndTest.testPostCustomerFail()' must be declared with a non-blank value.
    Source: MethodSource [className = 'com.accenture.projetapipizza.controller.CustomerControllerIntegrationEndToEndTest', methodName = 'testPostCustomerFail', methodParameterTypes = '']
            at com.accenture.projetapipizza.controller.CustomerControllerIntegrationEndToEndTest.testPostCustomerFail(SourceFile:0)
2026-03-25T14:50:26.852+01:00  INFO 14900 --- [Projet-API-Pizza] [SpringApplicationShutdownHook] o.s.boot.tomcat.GracefulShutdown         : Commencing graceful shutdown. Waiting for active requests to complete
2026-03-25T14:50:26.866+01:00  INFO 14900 --- [Projet-API-Pizza] [tomcat-shutdown] o.s.boot.tomcat.GracefulShutdown         : Graceful shutdown complete
2026-03-25T14:50:26.872+01:00  INFO 14900 --- [Projet-API-Pizza] [SpringApplicationShutdownHook] j.LocalContainerEntityManagerFactoryBean : Closing JPA EntityManagerFactory for persistence unit 'default'
2026-03-25T14:50:26.877+01:00  INFO 14900 --- [Projet-API-Pizza] [SpringApplicationShutdownHook] com.zaxxer.hikari.HikariDataSource       : HikariPool-1 - Shutdown initiated...
2026-03-25T14:50:26.886+01:00  INFO 14900 --- [Projet-API-Pizza] [SpringApplicationShutdownHook] com.zaxxer.hikari.HikariDataSource       : HikariPool-1 - Shutdown completed.
2026-03-25T14:53:40.802+01:00  INFO 33824 --- [Projet-API-Pizza] [http-nio-9999-exec-1] o.a.c.c.C.[Tomcat-2].[localhost].[/]     : Initializing Spring DispatcherServlet 'dispatcherServlet'
2026-03-25T14:53:40.802+01:00  INFO 33824 --- [Projet-API-Pizza] [http-nio-9999-exec-1] o.s.web.servlet.DispatcherServlet        : Initializing Servlet 'dispatcherServlet'
2026-03-25T14:53:40.802+01:00  INFO 33824 --- [Projet-API-Pizza] [http-nio-9999-exec-1] o.s.web.servlet.DispatcherServlet        : Completed initialization in 0 ms
2026-03-25T14:53:40.830+01:00  WARN 33824 --- [Projet-API-Pizza] [http-nio-9999-exec-1] .w.s.m.s.DefaultHandlerExceptionResolver : Resolved [org.springframework.web.bind.MethodArgumentNotValidException: Validation failed for argument [0] in public org.springframework.http.ResponseEntity<java.lang.Void> com.accenture.projetapipizza.controller.CustomerController.addCustomer(com.accenture.projetapipizza.service.dto.CustomerRequestDto): [Field error in object 'customerRequestDto' on field 'name': rejected value [null]; codes [NotBlank.customerRequestDto.name,NotBlank.name,NotBlank.java.lang.String,NotBlank]; arguments [org.springframework.context.support.DefaultMessageSourceResolvable: codes [customerRequestDto.name,name]; arguments []; default message [name]]; default message [customer.name.not.null]] ]
2026-03-25T15:09:48.289+01:00  INFO 33824 --- [Projet-API-Pizza] [File Watcher] rtingClassPathChangeChangedEventListener : Restarting due to 2 class path changes (0 additions, 1 deletion, 1 modification)
2026-03-25T15:09:48.302+01:00  INFO 33824 --- [Projet-API-Pizza] [Thread-12] o.s.boot.tomcat.GracefulShutdown         : Commencing graceful shutdown. Waiting for active requests to complete
2026-03-25T15:09:48.312+01:00  INFO 33824 --- [Projet-API-Pizza] [tomcat-shutdown] o.s.boot.tomcat.GracefulShutdown         : Graceful shutdown complete
2026-03-25T15:09:48.329+01:00  INFO 33824 --- [Projet-API-Pizza] [Thread-12] j.LocalContainerEntityManagerFactoryBean : Closing JPA EntityManagerFactory for persistence unit 'default'
2026-03-25T15:09:48.336+01:00  INFO 33824 --- [Projet-API-Pizza] [Thread-12] com.zaxxer.hikari.HikariDataSource       : HikariPool-5 - Shutdown initiated...
2026-03-25T15:09:48.342+01:00  INFO 33824 --- [Projet-API-Pizza] [Thread-12] com.zaxxer.hikari.HikariDataSource       : HikariPool-5 - Shutdown completed.
2026-03-25T15:09:48.547+01:00  INFO 33824 --- [Projet-API-Pizza] [restartedMain] c.a.p.ProjetApiPizzaApplication          : Starting ProjetApiPizzaApplication using Java 25.0.2 with PID 33824 (C:\Users\celine.denis\IdeaProjects\Projet-API-Pizza\target\classes started by celine.denis in C:\Users\celine.denis\IdeaProjects\Projet-API-Pizza)
2026-03-25T15:09:48.548+01:00  INFO 33824 --- [Projet-API-Pizza] [restartedMain] c.a.p.ProjetApiPizzaApplication          : No active profile set, falling back to 1 default profile: "default"
2026-03-25T15:09:49.413+01:00  INFO 33824 --- [Projet-API-Pizza] [restartedMain] .s.d.r.c.RepositoryConfigurationDelegate : Bootstrapping Spring Data JPA repositories in DEFAULT mode.
2026-03-25T15:09:49.427+01:00  INFO 33824 --- [Projet-API-Pizza] [restartedMain] .s.d.r.c.RepositoryConfigurationDelegate : Finished Spring Data repository scanning in 12 ms. Found 2 JPA repository interfaces.
2026-03-25T15:09:49.503+01:00  INFO 33824 --- [Projet-API-Pizza] [restartedMain] o.s.boot.tomcat.TomcatWebServer          : Tomcat initialized with port 9999 (http)
2026-03-25T15:09:49.505+01:00  INFO 33824 --- [Projet-API-Pizza] [restartedMain] o.apache.catalina.core.StandardService   : Starting service [Tomcat]
2026-03-25T15:09:49.505+01:00  INFO 33824 --- [Projet-API-Pizza] [restartedMain] o.apache.catalina.core.StandardEngine    : Starting Servlet engine: [Apache Tomcat/11.0.18]
2026-03-25T15:09:49.536+01:00  INFO 33824 --- [Projet-API-Pizza] [restartedMain] b.w.c.s.WebApplicationContextInitializer : Root WebApplicationContext: initialization completed in 986 ms
2026-03-25T15:09:49.568+01:00  INFO 33824 --- [Projet-API-Pizza] [restartedMain] org.hibernate.orm.jpa                    : HHH008540: Processing PersistenceUnitInfo [name: default]
2026-03-25T15:09:49.604+01:00  INFO 33824 --- [Projet-API-Pizza] [restartedMain] o.s.o.j.p.SpringPersistenceUnitInfo      : No LoadTimeWeaver setup: ignoring JPA class transformer
2026-03-25T15:09:49.606+01:00  INFO 33824 --- [Projet-API-Pizza] [restartedMain] com.zaxxer.hikari.HikariDataSource       : HikariPool-6 - Starting...
2026-03-25T15:09:49.649+01:00  INFO 33824 --- [Projet-API-Pizza] [restartedMain] com.zaxxer.hikari.pool.HikariPool        : HikariPool-6 - Added connection org.postgresql.jdbc.PgConnection@7fc18d56
2026-03-25T15:09:49.649+01:00  INFO 33824 --- [Projet-API-Pizza] [restartedMain] com.zaxxer.hikari.HikariDataSource       : HikariPool-6 - Start completed.
2026-03-25T15:09:49.664+01:00  INFO 33824 --- [Projet-API-Pizza] [restartedMain] org.hibernate.orm.connections.pooling    : HHH10001005: Database info:
	Database JDBC URL [jdbc:postgresql://127.0.0.1:5432/mydb]
	Database driver: PostgreSQL JDBC Driver
	Database dialect: PostgreSQLDialect
	Database version: 18.3
	Default catalog/schema: mydb/public
	Autocommit mode: undefined/unknown
	Isolation level: READ_COMMITTED [default READ_COMMITTED]
	JDBC fetch size: none
	Pool: DataSourceConnectionProvider
	Minimum pool size: undefined/unknown
	Maximum pool size: undefined/unknown
2026-03-25T15:09:49.753+01:00  INFO 33824 --- [Projet-API-Pizza] [restartedMain] org.hibernate.orm.core                   : HHH000489: No JTA platform available (set 'hibernate.transaction.jta.platform' to enable JTA platform integration)
2026-03-25T15:09:49.817+01:00  INFO 33824 --- [Projet-API-Pizza] [restartedMain] j.LocalContainerEntityManagerFactoryBean : Initialized JPA EntityManagerFactory for persistence unit 'default'
2026-03-25T15:09:49.897+01:00  WARN 33824 --- [Projet-API-Pizza] [restartedMain] JpaBaseConfiguration$JpaWebConfiguration : spring.jpa.open-in-view is enabled by default. Therefore, database queries may be performed during view rendering. Explicitly configure spring.jpa.open-in-view to disable this warning
2026-03-25T15:09:49.979+01:00  INFO 33824 --- [Projet-API-Pizza] [restartedMain] o.s.b.h.a.H2ConsoleAutoConfiguration     : H2 console available at '/h2-console'. Database available at 'jdbc:postgresql://127.0.0.1:5432/mydb'
2026-03-25T15:09:49.990+01:00  INFO 33824 --- [Projet-API-Pizza] [restartedMain] o.s.boot.tomcat.TomcatWebServer          : Tomcat started on port 9999 (http) with context path '/'
2026-03-25T15:09:49.993+01:00  INFO 33824 --- [Projet-API-Pizza] [restartedMain] c.a.p.ProjetApiPizzaApplication          : Started ProjetApiPizzaApplication in 1.485 seconds (process running for 12037.946)
2026-03-25T15:09:49.993+01:00  WARN 33824 --- [Projet-API-Pizza] [restartedMain] o.s.core.events.SpringDocAppInitializer  : SpringDoc /v3/api-docs endpoint is enabled by default. To disable it in production, set the property 'springdoc.api-docs.enabled=false'
2026-03-25T15:09:49.993+01:00  WARN 33824 --- [Projet-API-Pizza] [restartedMain] o.s.core.events.SpringDocAppInitializer  : SpringDoc /swagger-ui.html endpoint is enabled by default. To disable it in production, set the property 'springdoc.swagger-ui.enabled=false'
2026-03-25T15:09:49.994+01:00  INFO 33824 --- [Projet-API-Pizza] [restartedMain] .ConditionEvaluationDeltaLoggingListener : Condition evaluation unchanged
2026-03-25T15:10:03.557+01:00  INFO 33824 --- [Projet-API-Pizza] [File Watcher] rtingClassPathChangeChangedEventListener : Restarting due to 1 class path change (1 addition, 0 deletions, 0 modifications)
2026-03-25T15:10:03.559+01:00  INFO 33824 --- [Projet-API-Pizza] [Thread-19] o.s.boot.tomcat.GracefulShutdown         : Commencing graceful shutdown. Waiting for active requests to complete
2026-03-25T15:10:03.569+01:00  INFO 33824 --- [Projet-API-Pizza] [tomcat-shutdown] o.s.boot.tomcat.GracefulShutdown         : Graceful shutdown complete
2026-03-25T15:10:03.571+01:00  INFO 33824 --- [Projet-API-Pizza] [Thread-19] j.LocalContainerEntityManagerFactoryBean : Closing JPA EntityManagerFactory for persistence unit 'default'
2026-03-25T15:10:03.571+01:00  INFO 33824 --- [Projet-API-Pizza] [Thread-19] com.zaxxer.hikari.HikariDataSource       : HikariPool-6 - Shutdown initiated...
2026-03-25T15:10:03.576+01:00  INFO 33824 --- [Projet-API-Pizza] [Thread-19] com.zaxxer.hikari.HikariDataSource       : HikariPool-6 - Shutdown completed.
2026-03-25T15:10:03.650+01:00  INFO 33824 --- [Projet-API-Pizza] [restartedMain] c.a.p.ProjetApiPizzaApplication          : Starting ProjetApiPizzaApplication using Java 25.0.2 with PID 33824 (C:\Users\celine.denis\IdeaProjects\Projet-API-Pizza\target\classes started by celine.denis in C:\Users\celine.denis\IdeaProjects\Projet-API-Pizza)
2026-03-25T15:10:03.651+01:00  INFO 33824 --- [Projet-API-Pizza] [restartedMain] c.a.p.ProjetApiPizzaApplication          : No active profile set, falling back to 1 default profile: "default"
2026-03-25T15:10:03.824+01:00  INFO 33824 --- [Projet-API-Pizza] [restartedMain] .s.d.r.c.RepositoryConfigurationDelegate : Bootstrapping Spring Data JPA repositories in DEFAULT mode.
2026-03-25T15:10:03.836+01:00  INFO 33824 --- [Projet-API-Pizza] [restartedMain] .s.d.r.c.RepositoryConfigurationDelegate : Finished Spring Data repository scanning in 10 ms. Found 2 JPA repository interfaces.
2026-03-25T15:10:03.886+01:00  INFO 33824 --- [Projet-API-Pizza] [restartedMain] o.s.boot.tomcat.TomcatWebServer          : Tomcat initialized with port 9999 (http)
2026-03-25T15:10:03.887+01:00  INFO 33824 --- [Projet-API-Pizza] [restartedMain] o.apache.catalina.core.StandardService   : Starting service [Tomcat]
2026-03-25T15:10:03.887+01:00  INFO 33824 --- [Projet-API-Pizza] [restartedMain] o.apache.catalina.core.StandardEngine    : Starting Servlet engine: [Apache Tomcat/11.0.18]
2026-03-25T15:10:03.911+01:00  INFO 33824 --- [Projet-API-Pizza] [restartedMain] b.w.c.s.WebApplicationContextInitializer : Root WebApplicationContext: initialization completed in 259 ms
2026-03-25T15:10:03.931+01:00  INFO 33824 --- [Projet-API-Pizza] [restartedMain] org.hibernate.orm.jpa                    : HHH008540: Processing PersistenceUnitInfo [name: default]
2026-03-25T15:10:03.950+01:00  INFO 33824 --- [Projet-API-Pizza] [restartedMain] o.s.o.j.p.SpringPersistenceUnitInfo      : No LoadTimeWeaver setup: ignoring JPA class transformer
2026-03-25T15:10:03.951+01:00  INFO 33824 --- [Projet-API-Pizza] [restartedMain] com.zaxxer.hikari.HikariDataSource       : HikariPool-7 - Starting...
2026-03-25T15:10:03.971+01:00  INFO 33824 --- [Projet-API-Pizza] [restartedMain] com.zaxxer.hikari.pool.HikariPool        : HikariPool-7 - Added connection org.postgresql.jdbc.PgConnection@4f680460
2026-03-25T15:10:03.971+01:00  INFO 33824 --- [Projet-API-Pizza] [restartedMain] com.zaxxer.hikari.HikariDataSource       : HikariPool-7 - Start completed.
2026-03-25T15:10:03.977+01:00  INFO 33824 --- [Projet-API-Pizza] [restartedMain] org.hibernate.orm.connections.pooling    : HHH10001005: Database info:
	Database JDBC URL [jdbc:postgresql://127.0.0.1:5432/mydb]
	Database driver: PostgreSQL JDBC Driver
	Database dialect: PostgreSQLDialect
	Database version: 18.3
	Default catalog/schema: mydb/public
	Autocommit mode: undefined/unknown
	Isolation level: READ_COMMITTED [default READ_COMMITTED]
	JDBC fetch size: none
	Pool: DataSourceConnectionProvider
	Minimum pool size: undefined/unknown
	Maximum pool size: undefined/unknown
2026-03-25T15:10:04.031+01:00  INFO 33824 --- [Projet-API-Pizza] [restartedMain] org.hibernate.orm.core                   : HHH000489: No JTA platform available (set 'hibernate.transaction.jta.platform' to enable JTA platform integration)
2026-03-25T15:10:04.050+01:00  INFO 33824 --- [Projet-API-Pizza] [restartedMain] j.LocalContainerEntityManagerFactoryBean : Initialized JPA EntityManagerFactory for persistence unit 'default'
2026-03-25T15:10:04.125+01:00  WARN 33824 --- [Projet-API-Pizza] [restartedMain] JpaBaseConfiguration$JpaWebConfiguration : spring.jpa.open-in-view is enabled by default. Therefore, database queries may be performed during view rendering. Explicitly configure spring.jpa.open-in-view to disable this warning
2026-03-25T15:10:04.181+01:00  INFO 33824 --- [Projet-API-Pizza] [restartedMain] o.s.b.h.a.H2ConsoleAutoConfiguration     : H2 console available at '/h2-console'. Database available at 'jdbc:postgresql://127.0.0.1:5432/mydb'
2026-03-25T15:10:04.194+01:00  INFO 33824 --- [Projet-API-Pizza] [restartedMain] o.s.boot.tomcat.TomcatWebServer          : Tomcat started on port 9999 (http) with context path '/'
2026-03-25T15:10:04.198+01:00  INFO 33824 --- [Projet-API-Pizza] [restartedMain] c.a.p.ProjetApiPizzaApplication          : Started ProjetApiPizzaApplication in 0.565 seconds (process running for 12052.151)
2026-03-25T15:10:04.198+01:00  WARN 33824 --- [Projet-API-Pizza] [restartedMain] o.s.core.events.SpringDocAppInitializer  : SpringDoc /v3/api-docs endpoint is enabled by default. To disable it in production, set the property 'springdoc.api-docs.enabled=false'
2026-03-25T15:10:04.198+01:00  WARN 33824 --- [Projet-API-Pizza] [restartedMain] o.s.core.events.SpringDocAppInitializer  : SpringDoc /swagger-ui.html endpoint is enabled by default. To disable it in production, set the property 'springdoc.swagger-ui.enabled=false'
2026-03-25T15:10:04.199+01:00  INFO 33824 --- [Projet-API-Pizza] [restartedMain] .ConditionEvaluationDeltaLoggingListener : Condition evaluation unchanged
2026-03-25T15:10:18.570+01:00  INFO 11904 --- [Projet-API-Pizza] [main] ustomerControllerIntegrationEndToEndTest : Starting CustomerControllerIntegrationEndToEndTest using Java 25.0.2 with PID 11904 (started by celine.denis in C:\Users\celine.denis\IdeaProjects\Projet-API-Pizza)
2026-03-25T15:10:18.572+01:00  INFO 11904 --- [Projet-API-Pizza] [main] ustomerControllerIntegrationEndToEndTest : The following 1 profile is active: "test"
2026-03-25T15:10:20.027+01:00  INFO 11904 --- [Projet-API-Pizza] [main] .s.d.r.c.RepositoryConfigurationDelegate : Bootstrapping Spring Data JPA repositories in DEFAULT mode.
2026-03-25T15:10:20.105+01:00  INFO 11904 --- [Projet-API-Pizza] [main] .s.d.r.c.RepositoryConfigurationDelegate : Finished Spring Data repository scanning in 59 ms. Found 2 JPA repository interfaces.
2026-03-25T15:10:20.870+01:00  INFO 11904 --- [Projet-API-Pizza] [main] o.s.boot.tomcat.TomcatWebServer          : Tomcat initialized with port 0 (http)
2026-03-25T15:10:20.887+01:00  INFO 11904 --- [Projet-API-Pizza] [main] o.apache.catalina.core.StandardService   : Starting service [Tomcat]
2026-03-25T15:10:20.887+01:00  INFO 11904 --- [Projet-API-Pizza] [main] o.apache.catalina.core.StandardEngine    : Starting Servlet engine: [Apache Tomcat/11.0.18]
2026-03-25T15:10:20.968+01:00  INFO 11904 --- [Projet-API-Pizza] [main] b.w.c.s.WebApplicationContextInitializer : Root WebApplicationContext: initialization completed in 2374 ms
2026-03-25T15:10:21.303+01:00  INFO 11904 --- [Projet-API-Pizza] [main] org.hibernate.orm.jpa                    : HHH008540: Processing PersistenceUnitInfo [name: default]
2026-03-25T15:10:21.443+01:00  INFO 11904 --- [Projet-API-Pizza] [main] org.hibernate.orm.core                   : HHH000001: Hibernate ORM core version 7.2.7.Final
2026-03-25T15:10:22.171+01:00  INFO 11904 --- [Projet-API-Pizza] [main] o.s.o.j.p.SpringPersistenceUnitInfo      : No LoadTimeWeaver setup: ignoring JPA class transformer
2026-03-25T15:10:22.231+01:00  INFO 11904 --- [Projet-API-Pizza] [main] com.zaxxer.hikari.HikariDataSource       : HikariPool-1 - Starting...
2026-03-25T15:10:22.512+01:00  INFO 11904 --- [Projet-API-Pizza] [main] com.zaxxer.hikari.pool.HikariPool        : HikariPool-1 - Added connection org.postgresql.jdbc.PgConnection@57df93c1
2026-03-25T15:10:22.514+01:00  INFO 11904 --- [Projet-API-Pizza] [main] com.zaxxer.hikari.HikariDataSource       : HikariPool-1 - Start completed.
2026-03-25T15:10:22.619+01:00  INFO 11904 --- [Projet-API-Pizza] [main] org.hibernate.orm.connections.pooling    : HHH10001005: Database info:
	Database JDBC URL [jdbc:postgresql://127.0.0.1:5432/mydb]
	Database driver: PostgreSQL JDBC Driver
	Database dialect: PostgreSQLDialect
	Database version: 18.3
	Default catalog/schema: mydb/public
	Autocommit mode: undefined/unknown
	Isolation level: READ_COMMITTED [default READ_COMMITTED]
	JDBC fetch size: none
	Pool: DataSourceConnectionProvider
	Minimum pool size: undefined/unknown
	Maximum pool size: undefined/unknown
2026-03-25T15:10:24.331+01:00  INFO 11904 --- [Projet-API-Pizza] [main] org.hibernate.orm.core                   : HHH000489: No JTA platform available (set 'hibernate.transaction.jta.platform' to enable JTA platform integration)
2026-03-25T15:10:24.434+01:00  INFO 11904 --- [Projet-API-Pizza] [main] j.LocalContainerEntityManagerFactoryBean : Initialized JPA EntityManagerFactory for persistence unit 'default'
2026-03-25T15:10:24.554+01:00  INFO 11904 --- [Projet-API-Pizza] [main] o.s.d.j.r.query.QueryEnhancerFactories   : Hibernate is in classpath; If applicable, HQL parser will be used.
2026-03-25T15:10:24.970+01:00  WARN 11904 --- [Projet-API-Pizza] [main] JpaBaseConfiguration$JpaWebConfiguration : spring.jpa.open-in-view is enabled by default. Therefore, database queries may be performed during view rendering. Explicitly configure spring.jpa.open-in-view to disable this warning
2026-03-25T15:10:26.133+01:00  INFO 11904 --- [Projet-API-Pizza] [main] o.s.boot.tomcat.TomcatWebServer          : Tomcat started on port 52173 (http) with context path '/'
2026-03-25T15:10:26.148+01:00  INFO 11904 --- [Projet-API-Pizza] [main] ustomerControllerIntegrationEndToEndTest : Started CustomerControllerIntegrationEndToEndTest in 8.212 seconds (process running for 10.862)
2026-03-25T15:10:26.155+01:00  WARN 11904 --- [Projet-API-Pizza] [main] o.s.core.events.SpringDocAppInitializer  : SpringDoc /v3/api-docs endpoint is enabled by default. To disable it in production, set the property 'springdoc.api-docs.enabled=false'
2026-03-25T15:10:26.156+01:00  WARN 11904 --- [Projet-API-Pizza] [main] o.s.core.events.SpringDocAppInitializer  : SpringDoc /swagger-ui.html endpoint is enabled by default. To disable it in production, set the property 'springdoc.swagger-ui.enabled=false'
2026-03-25T15:10:27.058+01:00  INFO 11904 --- [Projet-API-Pizza] [http-nio-auto-1-exec-2] o.a.c.c.C.[Tomcat].[localhost].[/]       : Initializing Spring DispatcherServlet 'dispatcherServlet'
2026-03-25T15:10:27.065+01:00  INFO 11904 --- [Projet-API-Pizza] [http-nio-auto-1-exec-2] o.s.web.servlet.DispatcherServlet        : Initializing Servlet 'dispatcherServlet'
2026-03-25T15:10:27.067+01:00  INFO 11904 --- [Projet-API-Pizza] [http-nio-auto-1-exec-2] o.s.web.servlet.DispatcherServlet        : Completed initialization in 2 ms
2026-03-25T15:10:27.246+01:00  INFO 11904 --- [Projet-API-Pizza] [http-nio-auto-1-exec-2] c.a.p.service.CustomerServiceImpl        : Validating and creating customer: 'John'
2026-03-25T15:10:27.278+01:00  INFO 11904 --- [Projet-API-Pizza] [http-nio-auto-1-exec-2] c.a.p.service.CustomerServiceImpl        : Customer 'John' successfully created with id=22169022-6aea-47f7-b75f-242db0e56984
2026-03-25T15:10:27.352+01:00  INFO 11904 --- [Projet-API-Pizza] [main] c.a.p.service.CustomerServiceImpl        : Validating and creating customer: 'John'
2026-03-25T15:10:27.353+01:00  INFO 11904 --- [Projet-API-Pizza] [main] c.a.p.service.CustomerServiceImpl        : Customer 'John' successfully created with id=418bb180-01a2-4be6-95b1-eb1225d00cf1
2026-03-25T15:10:27.409+01:00  INFO 11904 --- [Projet-API-Pizza] [SpringApplicationShutdownHook] o.s.boot.tomcat.GracefulShutdown         : Commencing graceful shutdown. Waiting for active requests to complete
2026-03-25T15:10:27.418+01:00  INFO 11904 --- [Projet-API-Pizza] [tomcat-shutdown] o.s.boot.tomcat.GracefulShutdown         : Graceful shutdown complete
2026-03-25T15:10:27.423+01:00  INFO 11904 --- [Projet-API-Pizza] [SpringApplicationShutdownHook] j.LocalContainerEntityManagerFactoryBean : Closing JPA EntityManagerFactory for persistence unit 'default'
2026-03-25T15:10:27.425+01:00  INFO 11904 --- [Projet-API-Pizza] [SpringApplicationShutdownHook] com.zaxxer.hikari.HikariDataSource       : HikariPool-1 - Shutdown initiated...
2026-03-25T15:10:27.430+01:00  INFO 11904 --- [Projet-API-Pizza] [SpringApplicationShutdownHook] com.zaxxer.hikari.HikariDataSource       : HikariPool-1 - Shutdown completed.
2026-03-25T15:10:43.439+01:00  INFO 27612 --- [Projet-API-Pizza] [main] ustomerControllerIntegrationEndToEndTest : Starting CustomerControllerIntegrationEndToEndTest using Java 25.0.2 with PID 27612 (started by celine.denis in C:\Users\celine.denis\IdeaProjects\Projet-API-Pizza)
2026-03-25T15:10:43.442+01:00  INFO 27612 --- [Projet-API-Pizza] [main] ustomerControllerIntegrationEndToEndTest : The following 1 profile is active: "test"
2026-03-25T15:10:44.644+01:00  INFO 27612 --- [Projet-API-Pizza] [main] .s.d.r.c.RepositoryConfigurationDelegate : Bootstrapping Spring Data JPA repositories in DEFAULT mode.
2026-03-25T15:10:44.763+01:00  INFO 27612 --- [Projet-API-Pizza] [main] .s.d.r.c.RepositoryConfigurationDelegate : Finished Spring Data repository scanning in 99 ms. Found 2 JPA repository interfaces.
2026-03-25T15:10:45.729+01:00  INFO 27612 --- [Projet-API-Pizza] [main] o.s.boot.tomcat.TomcatWebServer          : Tomcat initialized with port 0 (http)
2026-03-25T15:10:45.749+01:00  INFO 27612 --- [Projet-API-Pizza] [main] o.apache.catalina.core.StandardService   : Starting service [Tomcat]
2026-03-25T15:10:45.750+01:00  INFO 27612 --- [Projet-API-Pizza] [main] o.apache.catalina.core.StandardEngine    : Starting Servlet engine: [Apache Tomcat/11.0.18]
2026-03-25T15:10:45.871+01:00  INFO 27612 --- [Projet-API-Pizza] [main] b.w.c.s.WebApplicationContextInitializer : Root WebApplicationContext: initialization completed in 2413 ms
2026-03-25T15:10:46.240+01:00  INFO 27612 --- [Projet-API-Pizza] [main] org.hibernate.orm.jpa                    : HHH008540: Processing PersistenceUnitInfo [name: default]
2026-03-25T15:10:46.346+01:00  INFO 27612 --- [Projet-API-Pizza] [main] org.hibernate.orm.core                   : HHH000001: Hibernate ORM core version 7.2.7.Final
2026-03-25T15:10:47.030+01:00  INFO 27612 --- [Projet-API-Pizza] [main] o.s.o.j.p.SpringPersistenceUnitInfo      : No LoadTimeWeaver setup: ignoring JPA class transformer
2026-03-25T15:10:47.069+01:00  INFO 27612 --- [Projet-API-Pizza] [main] com.zaxxer.hikari.HikariDataSource       : HikariPool-1 - Starting...
2026-03-25T15:10:47.250+01:00  INFO 27612 --- [Projet-API-Pizza] [main] com.zaxxer.hikari.pool.HikariPool        : HikariPool-1 - Added connection org.postgresql.jdbc.PgConnection@60256d1b
2026-03-25T15:10:47.252+01:00  INFO 27612 --- [Projet-API-Pizza] [main] com.zaxxer.hikari.HikariDataSource       : HikariPool-1 - Start completed.
2026-03-25T15:10:47.327+01:00  INFO 27612 --- [Projet-API-Pizza] [main] org.hibernate.orm.connections.pooling    : HHH10001005: Database info:
	Database JDBC URL [jdbc:postgresql://127.0.0.1:5432/mydb]
	Database driver: PostgreSQL JDBC Driver
	Database dialect: PostgreSQLDialect
	Database version: 18.3
	Default catalog/schema: mydb/public
	Autocommit mode: undefined/unknown
	Isolation level: READ_COMMITTED [default READ_COMMITTED]
	JDBC fetch size: none
	Pool: DataSourceConnectionProvider
	Minimum pool size: undefined/unknown
	Maximum pool size: undefined/unknown
2026-03-25T15:10:48.534+01:00  INFO 27612 --- [Projet-API-Pizza] [main] org.hibernate.orm.core                   : HHH000489: No JTA platform available (set 'hibernate.transaction.jta.platform' to enable JTA platform integration)
2026-03-25T15:10:48.608+01:00  INFO 27612 --- [Projet-API-Pizza] [main] j.LocalContainerEntityManagerFactoryBean : Initialized JPA EntityManagerFactory for persistence unit 'default'
2026-03-25T15:10:48.719+01:00  INFO 27612 --- [Projet-API-Pizza] [main] o.s.d.j.r.query.QueryEnhancerFactories   : Hibernate is in classpath; If applicable, HQL parser will be used.
2026-03-25T15:10:49.048+01:00  WARN 27612 --- [Projet-API-Pizza] [main] JpaBaseConfiguration$JpaWebConfiguration : spring.jpa.open-in-view is enabled by default. Therefore, database queries may be performed during view rendering. Explicitly configure spring.jpa.open-in-view to disable this warning
2026-03-25T15:10:49.875+01:00  INFO 27612 --- [Projet-API-Pizza] [main] o.s.boot.tomcat.TomcatWebServer          : Tomcat started on port 60768 (http) with context path '/'
2026-03-25T15:10:49.885+01:00  INFO 27612 --- [Projet-API-Pizza] [main] ustomerControllerIntegrationEndToEndTest : Started CustomerControllerIntegrationEndToEndTest in 6.92 seconds (process running for 9.101)
2026-03-25T15:10:49.890+01:00  WARN 27612 --- [Projet-API-Pizza] [main] o.s.core.events.SpringDocAppInitializer  : SpringDoc /v3/api-docs endpoint is enabled by default. To disable it in production, set the property 'springdoc.api-docs.enabled=false'
2026-03-25T15:10:49.891+01:00  WARN 27612 --- [Projet-API-Pizza] [main] o.s.core.events.SpringDocAppInitializer  : SpringDoc /swagger-ui.html endpoint is enabled by default. To disable it in production, set the property 'springdoc.swagger-ui.enabled=false'
2026-03-25T15:10:50.624+01:00  INFO 27612 --- [Projet-API-Pizza] [http-nio-auto-1-exec-1] o.a.c.c.C.[Tomcat].[localhost].[/]       : Initializing Spring DispatcherServlet 'dispatcherServlet'
2026-03-25T15:10:50.624+01:00  INFO 27612 --- [Projet-API-Pizza] [http-nio-auto-1-exec-1] o.s.web.servlet.DispatcherServlet        : Initializing Servlet 'dispatcherServlet'
2026-03-25T15:10:50.625+01:00  INFO 27612 --- [Projet-API-Pizza] [http-nio-auto-1-exec-1] o.s.web.servlet.DispatcherServlet        : Completed initialization in 1 ms
2026-03-25T15:10:50.771+01:00  INFO 27612 --- [Projet-API-Pizza] [http-nio-auto-1-exec-1] c.a.p.service.CustomerServiceImpl        : Validating and creating customer: 'John'
2026-03-25T15:10:50.802+01:00  INFO 27612 --- [Projet-API-Pizza] [http-nio-auto-1-exec-1] c.a.p.service.CustomerServiceImpl        : Customer 'John' successfully created with id=07d9a062-871c-4cd5-9b85-1a288fd9e6f1
2026-03-25T15:10:50.867+01:00  INFO 27612 --- [Projet-API-Pizza] [main] c.a.p.service.CustomerServiceImpl        : Validating and creating customer: 'John'
2026-03-25T15:10:50.868+01:00  INFO 27612 --- [Projet-API-Pizza] [main] c.a.p.service.CustomerServiceImpl        : Customer 'John' successfully created with id=5b7ec424-68bf-45fe-8464-a55399513663
2026-03-25T15:10:50.910+01:00  WARN 27612 --- [Projet-API-Pizza] [http-nio-auto-1-exec-2] .w.s.m.s.DefaultHandlerExceptionResolver : Resolved [org.springframework.web.bind.MethodArgumentNotValidException: Validation failed for argument [0] in public org.springframework.http.ResponseEntity<java.lang.Void> com.accenture.projetapipizza.controller.CustomerController.addCustomer(com.accenture.projetapipizza.service.dto.CustomerRequestDto): [Field error in object 'customerRequestDto' on field 'email': rejected value [null]; codes [NotBlank.customerRequestDto.email,NotBlank.email,NotBlank.java.lang.String,NotBlank]; arguments [org.springframework.context.support.DefaultMessageSourceResolvable: codes [customerRequestDto.email,email]; arguments []; default message [email]]; default message [customer.email.not.null]] ]
2026-03-25T15:10:50.952+01:00  WARN 27612 --- [Projet-API-Pizza] [http-nio-auto-1-exec-7] .w.s.m.s.DefaultHandlerExceptionResolver : Resolved [org.springframework.web.bind.MethodArgumentNotValidException: Validation failed for argument [0] in public org.springframework.http.ResponseEntity<java.lang.Void> com.accenture.projetapipizza.controller.CustomerController.addCustomer(com.accenture.projetapipizza.service.dto.CustomerRequestDto) with 2 errors: [Field error in object 'customerRequestDto' on field 'email': rejected value [null]; codes [NotBlank.customerRequestDto.email,NotBlank.email,NotBlank.java.lang.String,NotBlank]; arguments [org.springframework.context.support.DefaultMessageSourceResolvable: codes [customerRequestDto.email,email]; arguments []; default message [email]]; default message [customer.email.not.null]] [Field error in object 'customerRequestDto' on field 'name': rejected value [null]; codes [NotBlank.customerRequestDto.name,NotBlank.name,NotBlank.java.lang.String,NotBlank]; arguments [org.springframework.context.support.DefaultMessageSourceResolvable: codes [customerRequestDto.name,name]; arguments []; default message [name]]; default message [customer.name.not.null]] ]
2026-03-25T15:10:50.968+01:00  WARN 27612 --- [Projet-API-Pizza] [http-nio-auto-1-exec-9] .w.s.m.s.DefaultHandlerExceptionResolver : Resolved [org.springframework.web.bind.MethodArgumentNotValidException: Validation failed for argument [0] in public org.springframework.http.ResponseEntity<java.lang.Void> com.accenture.projetapipizza.controller.CustomerController.addCustomer(com.accenture.projetapipizza.service.dto.CustomerRequestDto): [Field error in object 'customerRequestDto' on field 'name': rejected value [null]; codes [NotBlank.customerRequestDto.name,NotBlank.name,NotBlank.java.lang.String,NotBlank]; arguments [org.springframework.context.support.DefaultMessageSourceResolvable: codes [customerRequestDto.name,name]; arguments []; default message [name]]; default message [customer.name.not.null]] ]
2026-03-25T15:10:50.990+01:00  INFO 27612 --- [Projet-API-Pizza] [SpringApplicationShutdownHook] o.s.boot.tomcat.GracefulShutdown         : Commencing graceful shutdown. Waiting for active requests to complete
2026-03-25T15:10:51.001+01:00  INFO 27612 --- [Projet-API-Pizza] [tomcat-shutdown] o.s.boot.tomcat.GracefulShutdown         : Graceful shutdown complete
2026-03-25T15:10:51.007+01:00  INFO 27612 --- [Projet-API-Pizza] [SpringApplicationShutdownHook] j.LocalContainerEntityManagerFactoryBean : Closing JPA EntityManagerFactory for persistence unit 'default'
2026-03-25T15:10:51.011+01:00  INFO 27612 --- [Projet-API-Pizza] [SpringApplicationShutdownHook] com.zaxxer.hikari.HikariDataSource       : HikariPool-1 - Shutdown initiated...
2026-03-25T15:10:51.024+01:00  INFO 27612 --- [Projet-API-Pizza] [SpringApplicationShutdownHook] com.zaxxer.hikari.HikariDataSource       : HikariPool-1 - Shutdown completed.
2026-03-25T15:17:50.909+01:00  INFO 3576 --- [Projet-API-Pizza] [main] ustomerControllerIntegrationEndToEndTest : Starting CustomerControllerIntegrationEndToEndTest using Java 25.0.2 with PID 3576 (started by celine.denis in C:\Users\celine.denis\IdeaProjects\Projet-API-Pizza)
2026-03-25T15:17:50.910+01:00  INFO 3576 --- [Projet-API-Pizza] [main] ustomerControllerIntegrationEndToEndTest : The following 1 profile is active: "test"
2026-03-25T15:17:51.884+01:00  INFO 3576 --- [Projet-API-Pizza] [main] .s.d.r.c.RepositoryConfigurationDelegate : Bootstrapping Spring Data JPA repositories in DEFAULT mode.
2026-03-25T15:17:51.961+01:00  INFO 3576 --- [Projet-API-Pizza] [main] .s.d.r.c.RepositoryConfigurationDelegate : Finished Spring Data repository scanning in 66 ms. Found 2 JPA repository interfaces.
2026-03-25T15:17:52.656+01:00  INFO 3576 --- [Projet-API-Pizza] [main] o.s.boot.tomcat.TomcatWebServer          : Tomcat initialized with port 0 (http)
2026-03-25T15:17:52.675+01:00  INFO 3576 --- [Projet-API-Pizza] [main] o.apache.catalina.core.StandardService   : Starting service [Tomcat]
2026-03-25T15:17:52.677+01:00  INFO 3576 --- [Projet-API-Pizza] [main] o.apache.catalina.core.StandardEngine    : Starting Servlet engine: [Apache Tomcat/11.0.18]
2026-03-25T15:17:52.759+01:00  INFO 3576 --- [Projet-API-Pizza] [main] b.w.c.s.WebApplicationContextInitializer : Root WebApplicationContext: initialization completed in 1834 ms
2026-03-25T15:17:53.069+01:00  INFO 3576 --- [Projet-API-Pizza] [main] org.hibernate.orm.jpa                    : HHH008540: Processing PersistenceUnitInfo [name: default]
2026-03-25T15:17:53.143+01:00  INFO 3576 --- [Projet-API-Pizza] [main] org.hibernate.orm.core                   : HHH000001: Hibernate ORM core version 7.2.7.Final
2026-03-25T15:17:53.690+01:00  INFO 3576 --- [Projet-API-Pizza] [main] o.s.o.j.p.SpringPersistenceUnitInfo      : No LoadTimeWeaver setup: ignoring JPA class transformer
2026-03-25T15:17:53.726+01:00  INFO 3576 --- [Projet-API-Pizza] [main] com.zaxxer.hikari.HikariDataSource       : HikariPool-1 - Starting...
2026-03-25T15:17:53.895+01:00  INFO 3576 --- [Projet-API-Pizza] [main] com.zaxxer.hikari.pool.HikariPool        : HikariPool-1 - Added connection org.postgresql.jdbc.PgConnection@7d44eab
2026-03-25T15:17:53.898+01:00  INFO 3576 --- [Projet-API-Pizza] [main] com.zaxxer.hikari.HikariDataSource       : HikariPool-1 - Start completed.
2026-03-25T15:17:53.976+01:00  INFO 3576 --- [Projet-API-Pizza] [main] org.hibernate.orm.connections.pooling    : HHH10001005: Database info:
	Database JDBC URL [jdbc:postgresql://127.0.0.1:5432/mydb]
	Database driver: PostgreSQL JDBC Driver
	Database dialect: PostgreSQLDialect
	Database version: 18.3
	Default catalog/schema: mydb/public
	Autocommit mode: undefined/unknown
	Isolation level: READ_COMMITTED [default READ_COMMITTED]
	JDBC fetch size: none
	Pool: DataSourceConnectionProvider
	Minimum pool size: undefined/unknown
	Maximum pool size: undefined/unknown
2026-03-25T15:17:55.157+01:00  INFO 3576 --- [Projet-API-Pizza] [main] org.hibernate.orm.core                   : HHH000489: No JTA platform available (set 'hibernate.transaction.jta.platform' to enable JTA platform integration)
2026-03-25T15:17:55.247+01:00  INFO 3576 --- [Projet-API-Pizza] [main] j.LocalContainerEntityManagerFactoryBean : Initialized JPA EntityManagerFactory for persistence unit 'default'
2026-03-25T15:17:55.319+01:00  INFO 3576 --- [Projet-API-Pizza] [main] o.s.d.j.r.query.QueryEnhancerFactories   : Hibernate is in classpath; If applicable, HQL parser will be used.
2026-03-25T15:17:55.604+01:00  WARN 3576 --- [Projet-API-Pizza] [main] JpaBaseConfiguration$JpaWebConfiguration : spring.jpa.open-in-view is enabled by default. Therefore, database queries may be performed during view rendering. Explicitly configure spring.jpa.open-in-view to disable this warning
2026-03-25T15:17:56.383+01:00  INFO 3576 --- [Projet-API-Pizza] [main] o.s.boot.tomcat.TomcatWebServer          : Tomcat started on port 57862 (http) with context path '/'
2026-03-25T15:17:56.389+01:00  INFO 3576 --- [Projet-API-Pizza] [main] ustomerControllerIntegrationEndToEndTest : Started CustomerControllerIntegrationEndToEndTest in 5.864 seconds (process running for 7.378)
2026-03-25T15:17:56.394+01:00  WARN 3576 --- [Projet-API-Pizza] [main] o.s.core.events.SpringDocAppInitializer  : SpringDoc /v3/api-docs endpoint is enabled by default. To disable it in production, set the property 'springdoc.api-docs.enabled=false'
2026-03-25T15:17:56.395+01:00  WARN 3576 --- [Projet-API-Pizza] [main] o.s.core.events.SpringDocAppInitializer  : SpringDoc /swagger-ui.html endpoint is enabled by default. To disable it in production, set the property 'springdoc.swagger-ui.enabled=false'
2026-03-25T15:17:57.090+01:00  INFO 3576 --- [Projet-API-Pizza] [http-nio-auto-1-exec-1] o.a.c.c.C.[Tomcat].[localhost].[/]       : Initializing Spring DispatcherServlet 'dispatcherServlet'
2026-03-25T15:17:57.090+01:00  INFO 3576 --- [Projet-API-Pizza] [http-nio-auto-1-exec-1] o.s.web.servlet.DispatcherServlet        : Initializing Servlet 'dispatcherServlet'
2026-03-25T15:17:57.091+01:00  INFO 3576 --- [Projet-API-Pizza] [http-nio-auto-1-exec-1] o.s.web.servlet.DispatcherServlet        : Completed initialization in 1 ms
2026-03-25T15:17:57.239+01:00  WARN 3576 --- [Projet-API-Pizza] [http-nio-auto-1-exec-1] c.a.p.service.CustomerServiceImpl        : Customer validation failed: invalid email 'invalid-email'
2026-03-25T15:17:57.330+01:00  INFO 3576 --- [Projet-API-Pizza] [SpringApplicationShutdownHook] o.s.boot.tomcat.GracefulShutdown         : Commencing graceful shutdown. Waiting for active requests to complete
2026-03-25T15:17:57.336+01:00  INFO 3576 --- [Projet-API-Pizza] [tomcat-shutdown] o.s.boot.tomcat.GracefulShutdown         : Graceful shutdown complete
2026-03-25T15:17:57.340+01:00  INFO 3576 --- [Projet-API-Pizza] [SpringApplicationShutdownHook] j.LocalContainerEntityManagerFactoryBean : Closing JPA EntityManagerFactory for persistence unit 'default'
2026-03-25T15:17:57.342+01:00  INFO 3576 --- [Projet-API-Pizza] [SpringApplicationShutdownHook] com.zaxxer.hikari.HikariDataSource       : HikariPool-1 - Shutdown initiated...
2026-03-25T15:17:57.349+01:00  INFO 3576 --- [Projet-API-Pizza] [SpringApplicationShutdownHook] com.zaxxer.hikari.HikariDataSource       : HikariPool-1 - Shutdown completed.
